command_id,relates_to_command_id,relation,note
UDG:MOD ACLRULEETH,UDG:ADD ACLRULEETH,must_precede,修改ACL规则前必须先执行ADD ACLRULEETH创建相应的规则。
UDG:ADD ACLRULEETH,UDG:ADD ACLGROUP,must_precede,增加ACL规则前必须先执行ADD ACLGROUP指定所在规则组，单个ACL规则组下最多支持16384条ACL规则。
UDG:ADD ACLRULEBAS4,UDG:ADD ACLGROUP,must_precede,增加ACL规则前必须先执行ADD ACLGROUP指定所在规则组，单个ACL规则组下最多支持16384条ACL规则。
UDG:ADD ACLRULEBAS6,UDG:ADD ACLGROUP6,must_precede,增加ACL规则前必须先执行ADD ACLGROUP6指定所在规则组，单个ACL规则组下最多支持16384条ACL规则。
UDG:MOD ACLRULEIF,UDG:ADD ACLRULEIF,must_precede,修改ACL规则前必须先执行ADD ACLRULEIF创建相应规则。
UDG:ADD ACLRULEIF,UDG:ADD ACLGROUP,must_precede,增加ACL规则前必须先执行ADD ACLGROUP指定所在规则组，单个ACL规则组下最多支持16384条ACL规则。
UDG:ADD ACLRULEADV4,UDG:ADD ACLGROUP,must_precede,增加ACL规则前必须先执行ADD ACLGROUP指定所在规则组，单个ACL规则组下最多支持16384条ACL规则。
UDG:ADD ACLRULEADV6,UDG:ADD ACLGROUP6,must_precede,增加ACL规则前必须先执行ADD ACLGROUP6指定所在规则组，单个ACL规则组下最多支持16384条ACL规则。
UDG:ADD ARPSTATICBLACKLIST,UDG:SET ARPANTISPOOFING,must_precede,执行该命令前，需要先执行SET ARPANTISPOOFING命令使能ARP防欺骗功能。
UDG:ADD BFDSESSION,UDG:SET BFD,must_precede,使用此命令前必须通过SET BFD命令全局使能BFD功能。
UDG:LST ETHSUBIF,UDG:ADD ETHSUBIF,must_precede,为了保证查询到有效的信息，执行该命令前必须已经成功创建子接口，并通过命令增加VLAN（ADD ETHSUBIF）将子接口关联了VLAN。
UDG:ADD AUTOSCALINGMPLS,UDG:SET MPLSSITE,must_precede,使用此命令前必须先要使用SET MPLSSITE命令全局使能MPLS功能。
UDG:ADD RDSTRING,UDG:ADD RDFILTERNODE,must_precede,配置该命令前，必须已经通过ADD RDFILTERNODE配置了RD过滤器。
UDG:RMV MATCHNEXTHOPACL,UDG:ADD ROUTEPOLICY,must_precede,配置该命令前，必须已经通过ADD ROUTEPOLICY配置了指定路由策略的名字以及通过ADD ROUTEPOLICYNODE配置了该策略下的节点。
UDG:RMV MATCHNEXTHOPACL,UDG:ADD ROUTEPOLICYNODE,must_precede,配置该命令前，必须已经通过ADD ROUTEPOLICY配置了指定路由策略的名字以及通过ADD ROUTEPOLICYNODE配置了该策略下的节点。
UDG:ADD MATCHNEXTHOPACL,UDG:ADD ROUTEPOLICY,must_precede,配置该命令前，必须已经通过ADD ROUTEPOLICY配置了指定路由策略的名字以及通过ADD ROUTEPOLICYNODE配置了该策略下的节点。
UDG:ADD MATCHNEXTHOPACL,UDG:ADD ROUTEPOLICYNODE,must_precede,配置该命令前，必须已经通过ADD ROUTEPOLICY配置了指定路由策略的名字以及通过ADD ROUTEPOLICYNODE配置了该策略下的节点。
UDG:ADD MATCHNEXTHOPACL,UDG:ADD ACLRULEBAS4,must_precede,配置该命令前，必须已经通过ADD ACLRULEBAS4或ADD ACLRULEADV4配置了ACL过滤器，对于命名型ACL，配置过滤规则时，只有指定的源地址范围对配置规则有效。
UDG:ADD MATCHNEXTHOPACL,UDG:ADD ACLRULEADV4,must_precede,配置该命令前，必须已经通过ADD ACLRULEBAS4或ADD ACLRULEADV4配置了ACL过滤器，对于命名型ACL，配置过滤规则时，只有指定的源地址范围对配置规则有效。
UDG:ADD MATCHINTERFACE,UDG:ADD ROUTEPOLICY,must_precede,配置该命令前，必须已经通过ADD ROUTEPOLICY配置了指定路由策略的名字以及通过ADD ROUTEPOLICYNODE配置了该策略下的节点。
UDG:ADD MATCHINTERFACE,UDG:ADD ROUTEPOLICYNODE,must_precede,配置该命令前，必须已经通过ADD ROUTEPOLICY配置了指定路由策略的名字以及通过ADD ROUTEPOLICYNODE配置了该策略下的节点。
UDG:ADD MATCHASPATHFILTER,UDG:ADD ROUTEPOLICY,must_precede,配置该命令前，必须已经通过ADD ROUTEPOLICY配置了指定路由策略的名字以及通过ADD ROUTEPOLICYNODE配置了该策略下的节点。
UDG:ADD MATCHASPATHFILTER,UDG:ADD ROUTEPOLICYNODE,must_precede,配置该命令前，必须已经通过ADD ROUTEPOLICY配置了指定路由策略的名字以及通过ADD ROUTEPOLICYNODE配置了该策略下的节点。
UDG:ADD MATCHASPATHFILTER,UDG:ADD ASPATHFILTERNODE,must_precede,配置该命令前，必须已经通过ADD ASPATHFILTERNODE配置了AS路径过滤器。
UDG:ADD MATCHNEXTHOPPREFIX6FILTER,UDG:ADD ROUTEPOLICY,must_precede,配置该命令前，必须已经通过ADD ROUTEPOLICY配置了指定路由策略的名字以及通过ADD ROUTEPOLICYNODE配置了该策略下的节点。
UDG:ADD MATCHNEXTHOPPREFIX6FILTER,UDG:ADD ROUTEPOLICYNODE,must_precede,配置该命令前，必须已经通过ADD ROUTEPOLICY配置了指定路由策略的名字以及通过ADD ROUTEPOLICYNODE配置了该策略下的节点。
UDG:ADD MATCHNEXTHOPPREFIX6FILTER,UDG:ADD IPV6PREFIXFILTERNODE,must_precede,配置该命令前，必须已经通过ADD IPV6PREFIXFILTERNODE配置了IPv6-Prefix过滤器。
UDG:ADD MATCHNEXTHOPACL6,UDG:ADD ROUTEPOLICY,must_precede,配置该命令前，必须已经通过ADD ROUTEPOLICY配置了指定路由策略的名字以及通过ADD ROUTEPOLICYNODE配置了该策略下的节点。
UDG:ADD MATCHNEXTHOPACL6,UDG:ADD ROUTEPOLICYNODE,must_precede,配置该命令前，必须已经通过ADD ROUTEPOLICY配置了指定路由策略的名字以及通过ADD ROUTEPOLICYNODE配置了该策略下的节点。
UDG:ADD MATCHNEXTHOPACL6,UDG:ADD ACLRULEBAS6,must_precede,配置该命令前，必须已经通过ADD ACLRULEBAS6或ADD ACLRULEADV6配置了ACL过滤器，对于命名型ACL，配置过滤规则时，只有指定的源地址范围对配置规则有效。
UDG:ADD MATCHNEXTHOPACL6,UDG:ADD ACLRULEADV6,must_precede,配置该命令前，必须已经通过ADD ACLRULEBAS6或ADD ACLRULEADV6配置了ACL过滤器，对于命名型ACL，配置过滤规则时，只有指定的源地址范围对配置规则有效。
UDG:ADD MATCHDESTACL6,UDG:ADD ROUTEPOLICY,must_precede,配置该命令前，必须已经通过ADD ROUTEPOLICY配置了指定路由策略的名字以及通过ADD ROUTEPOLICYNODE配置了该策略下的节点。
UDG:ADD MATCHDESTACL6,UDG:ADD ROUTEPOLICYNODE,must_precede,配置该命令前，必须已经通过ADD ROUTEPOLICY配置了指定路由策略的名字以及通过ADD ROUTEPOLICYNODE配置了该策略下的节点。
UDG:ADD MATCHDESTACL6,UDG:ADD ACLRULEBAS6,must_precede,配置该命令前，必须已经通过ADD ACLRULEBAS6或ADD ACLRULEADV6配置了ACL过滤器，对于命名型ACL，配置过滤规则时，只有指定的源地址范围对配置规则有效。
UDG:ADD MATCHDESTACL6,UDG:ADD ACLRULEADV6,must_precede,配置该命令前，必须已经通过ADD ACLRULEBAS6或ADD ACLRULEADV6配置了ACL过滤器，对于命名型ACL，配置过滤规则时，只有指定的源地址范围对配置规则有效。
UDG:ADD MATCHDESTPREFIX6FILTER,UDG:ADD ROUTEPOLICY,must_precede,配置该命令前，必须已经通过ADD ROUTEPOLICY配置了指定路由策略的名字以及通过ADD ROUTEPOLICYNODE配置了该策略下的节点。
UDG:ADD MATCHDESTPREFIX6FILTER,UDG:ADD ROUTEPOLICYNODE,must_precede,配置该命令前，必须已经通过ADD ROUTEPOLICY配置了指定路由策略的名字以及通过ADD ROUTEPOLICYNODE配置了该策略下的节点。
UDG:ADD MATCHDESTPREFIX6FILTER,UDG:ADD IPV6PREFIXFILTERNODE,must_precede,配置该命令前，必须已经通过ADD IPV6PREFIXFILTERNODE配置了IPv6-Prefix过滤器。
UDG:ADD MATCHRTSRCACL6,UDG:ADD ROUTEPOLICY,must_precede,配置该命令前，必须已经通过ADD ROUTEPOLICY配置了指定路由策略的名字以及通过ADD ROUTEPOLICYNODE配置了该策略下的节点。
UDG:ADD MATCHRTSRCACL6,UDG:ADD ROUTEPOLICYNODE,must_precede,配置该命令前，必须已经通过ADD ROUTEPOLICY配置了指定路由策略的名字以及通过ADD ROUTEPOLICYNODE配置了该策略下的节点。
UDG:ADD MATCHRTSRCACL6,UDG:ADD ACLRULEBAS6,must_precede,配置该命令前，必须已经通过ADD ACLRULEBAS6或ADD ACLRULEADV6配置了ACL过滤器，对于命名型ACL，配置过滤规则时，只有指定的源地址范围对配置规则有效。
UDG:ADD MATCHRTSRCACL6,UDG:ADD ACLRULEADV6,must_precede,配置该命令前，必须已经通过ADD ACLRULEBAS6或ADD ACLRULEADV6配置了ACL过滤器，对于命名型ACL，配置过滤规则时，只有指定的源地址范围对配置规则有效。
UDG:ADD MATCHRTSRCPREFIX6FILTER,UDG:ADD ROUTEPOLICY,must_precede,配置该命令前，必须已经通过ADD ROUTEPOLICY配置了指定路由策略的名字以及通过ADD ROUTEPOLICYNODE配置了该策略下的节点。
UDG:ADD MATCHRTSRCPREFIX6FILTER,UDG:ADD ROUTEPOLICYNODE,must_precede,配置该命令前，必须已经通过ADD ROUTEPOLICY配置了指定路由策略的名字以及通过ADD ROUTEPOLICYNODE配置了该策略下的节点。
UDG:ADD MATCHRTSRCPREFIX6FILTER,UDG:ADD IPV6PREFIXFILTERNODE,must_precede,配置该命令前，必须已经通过ADD IPV6PREFIXFILTERNODE配置了IPv6-Prefix过滤器。
UDG:ADD MATCHRDFILTER,UDG:ADD ROUTEPOLICY,must_precede,配置该命令前，必须已经通过ADD ROUTEPOLICY配置了指定路由策略的名字以及通过ADD ROUTEPOLICYNODE配置了该策略下的节点。
UDG:ADD MATCHRDFILTER,UDG:ADD ROUTEPOLICYNODE,must_precede,配置该命令前，必须已经通过ADD ROUTEPOLICY配置了指定路由策略的名字以及通过ADD ROUTEPOLICYNODE配置了该策略下的节点。
UDG:ADD MATCHRDFILTER,UDG:ADD RDFILTERNODE,must_precede,配置该命令前，必须已经通过ADD RDFILTERNODE配置了RD过滤器。
UDG:ADD MATCHNEXTHOPPREFIXFILTER,UDG:ADD ROUTEPOLICY,must_precede,配置该命令前，必须已经通过ADD ROUTEPOLICY配置了指定路由策略的名字以及通过ADD ROUTEPOLICYNODE配置了该策略下的节点。
UDG:ADD MATCHNEXTHOPPREFIXFILTER,UDG:ADD ROUTEPOLICYNODE,must_precede,配置该命令前，必须已经通过ADD ROUTEPOLICY配置了指定路由策略的名字以及通过ADD ROUTEPOLICYNODE配置了该策略下的节点。
UDG:ADD MATCHNEXTHOPPREFIXFILTER,UDG:ADD PREFIXFILTERNODE,must_precede,配置该命令前，必须已经通过ADD PREFIXFILTERNODE配置了前缀过滤器。
UDG:ADD MATCHCOMMUNITYFILTER,UDG:ADD ROUTEPOLICY,must_precede,配置该命令前，必须已经通过ADD ROUTEPOLICY配置了指定路由策略的名字以及通过ADD ROUTEPOLICYNODE配置了该策略下的节点。
UDG:ADD MATCHCOMMUNITYFILTER,UDG:ADD ROUTEPOLICYNODE,must_precede,配置该命令前，必须已经通过ADD ROUTEPOLICY配置了指定路由策略的名字以及通过ADD ROUTEPOLICYNODE配置了该策略下的节点。
UDG:ADD MATCHCOMMUNITYFILTER,UDG:ADD COMMUNITYFILTER,must_precede,配置该命令前，必须已经通过ADD COMMUNITYFILTER配置了团体属性过滤器。
UDG:ADD MATCHEXTCOMMUNITYFILTER,UDG:ADD ROUTEPOLICY,must_precede,配置该命令前，必须已经通过ADD ROUTEPOLICY配置了指定路由策略的名字以及通过ADD ROUTEPOLICYNODE配置了该策略下的节点。
UDG:ADD MATCHEXTCOMMUNITYFILTER,UDG:ADD ROUTEPOLICYNODE,must_precede,配置该命令前，必须已经通过ADD ROUTEPOLICY配置了指定路由策略的名字以及通过ADD ROUTEPOLICYNODE配置了该策略下的节点。
UDG:ADD MATCHEXTCOMMUNITYFILTER,UDG:ADD EXTENDCOMMUNITYFILTER,must_precede,配置该命令前，必须已经通过ADD EXTENDCOMMUNITYFILTER配置了扩展团体属性过滤器。
UDG:ADD MATCHRTSRCACL,UDG:ADD ROUTEPOLICY,must_precede,配置该命令前，必须已经通过ADD ROUTEPOLICY配置了指定路由策略的名字以及通过ADD ROUTEPOLICYNODE配置了该策略下的节点。
UDG:ADD MATCHRTSRCACL,UDG:ADD ROUTEPOLICYNODE,must_precede,配置该命令前，必须已经通过ADD ROUTEPOLICY配置了指定路由策略的名字以及通过ADD ROUTEPOLICYNODE配置了该策略下的节点。
UDG:ADD MATCHRTSRCACL,UDG:ADD ACLRULEBAS4,must_precede,配置该命令前，必须已经通过ADD ACLRULEBAS4或ADD ACLRULEADV4配置了ACL过滤器，对于命名型ACL，配置过滤规则时，只有指定的源地址范围对配置规则有效。
UDG:ADD MATCHRTSRCACL,UDG:ADD ACLRULEADV4,must_precede,配置该命令前，必须已经通过ADD ACLRULEBAS4或ADD ACLRULEADV4配置了ACL过滤器，对于命名型ACL，配置过滤规则时，只有指定的源地址范围对配置规则有效。
UDG:MOD MATCHDESTINATIONACL,UDG:ADD ROUTEPOLICY,must_precede,配置该命令前，必须已经通过ADD ROUTEPOLICY配置了指定路由策略的名字以及通过ADD ROUTEPOLICYNODE配置了该策略下的节点。
UDG:MOD MATCHDESTINATIONACL,UDG:ADD ROUTEPOLICYNODE,must_precede,配置该命令前，必须已经通过ADD ROUTEPOLICY配置了指定路由策略的名字以及通过ADD ROUTEPOLICYNODE配置了该策略下的节点。
UDG:RMV MATCHDESTINATIONACL,UDG:ADD ROUTEPOLICY,must_precede,配置该命令前，必须已经通过ADD ROUTEPOLICY配置了指定路由策略的名字以及通过ADD ROUTEPOLICYNODE配置了该策略下的节点。
UDG:RMV MATCHDESTINATIONACL,UDG:ADD ROUTEPOLICYNODE,must_precede,配置该命令前，必须已经通过ADD ROUTEPOLICY配置了指定路由策略的名字以及通过ADD ROUTEPOLICYNODE配置了该策略下的节点。
UDG:ADD MATCHDESTINATIONACL,UDG:ADD ROUTEPOLICY,must_precede,配置该命令前，必须已经通过ADD ROUTEPOLICY配置了指定路由策略的名字以及通过ADD ROUTEPOLICYNODE配置了该策略下的节点。
UDG:ADD MATCHDESTINATIONACL,UDG:ADD ROUTEPOLICYNODE,must_precede,配置该命令前，必须已经通过ADD ROUTEPOLICY配置了指定路由策略的名字以及通过ADD ROUTEPOLICYNODE配置了该策略下的节点。
UDG:ADD MATCHDESTINATIONACL,UDG:ADD ACLRULEBAS4,must_precede,配置该命令前，必须已经通过ADD ACLRULEBAS4或ADD ACLRULEADV4配置了ACL过滤器，对于命名型ACL，配置过滤规则时，只有指定的源地址范围对配置规则有效。
UDG:ADD MATCHDESTINATIONACL,UDG:ADD ACLRULEADV4,must_precede,配置该命令前，必须已经通过ADD ACLRULEBAS4或ADD ACLRULEADV4配置了ACL过滤器，对于命名型ACL，配置过滤规则时，只有指定的源地址范围对配置规则有效。
UDG:ADD MATCHDESTPREFIXFILTER,UDG:ADD ROUTEPOLICY,must_precede,配置该命令前，必须已经通过ADD ROUTEPOLICY配置了指定路由策略的名字以及通过ADD ROUTEPOLICYNODE配置了该策略下的节点。
UDG:ADD MATCHDESTPREFIXFILTER,UDG:ADD ROUTEPOLICYNODE,must_precede,配置该命令前，必须已经通过ADD ROUTEPOLICY配置了指定路由策略的名字以及通过ADD ROUTEPOLICYNODE配置了该策略下的节点。
UDG:ADD MATCHDESTPREFIXFILTER,UDG:ADD PREFIXFILTERNODE,must_precede,配置该命令前，必须已经通过ADD PREFIXFILTERNODE配置了前缀过滤器。
UDG:ADD MATCHPROTOCOL,UDG:ADD ROUTEPOLICYNODE,must_precede,配置该命令前，必须首先配置ADD ROUTEPOLICYNODE命令。
UDG:MOD MATCHCOST,UDG:ADD ROUTEPOLICY,must_precede,配置该命令前，必须已经通过ADD ROUTEPOLICY配置了指定路由策略的名字以及通过ADD ROUTEPOLICYNODE配置了该策略下的节点。
UDG:MOD MATCHCOST,UDG:ADD ROUTEPOLICYNODE,must_precede,配置该命令前，必须已经通过ADD ROUTEPOLICY配置了指定路由策略的名字以及通过ADD ROUTEPOLICYNODE配置了该策略下的节点。
UDG:RMV MATCHCOST,UDG:ADD ROUTEPOLICY,must_precede,配置该命令前，必须已经通过ADD ROUTEPOLICY配置了指定路由策略的名字以及通过ADD ROUTEPOLICYNODE配置了该策略下的节点。
UDG:RMV MATCHCOST,UDG:ADD ROUTEPOLICYNODE,must_precede,配置该命令前，必须已经通过ADD ROUTEPOLICY配置了指定路由策略的名字以及通过ADD ROUTEPOLICYNODE配置了该策略下的节点。
UDG:ADD MATCHCOST,UDG:ADD ROUTEPOLICY,must_precede,配置该命令前，必须已经通过ADD ROUTEPOLICY配置了指定路由策略的名字以及通过ADD ROUTEPOLICYNODE配置了该策略下的节点。
UDG:ADD MATCHCOST,UDG:ADD ROUTEPOLICYNODE,must_precede,配置该命令前，必须已经通过ADD ROUTEPOLICY配置了指定路由策略的名字以及通过ADD ROUTEPOLICYNODE配置了该策略下的节点。
UDG:ADD MATCHTAG,UDG:ADD ROUTEPOLICY,must_precede,配置该命令前，必须已经通过ADD ROUTEPOLICY配置了指定路由策略的名字以及通过ADD ROUTEPOLICYNODE配置了该策略下的节点。
UDG:ADD MATCHTAG,UDG:ADD ROUTEPOLICYNODE,must_precede,配置该命令前，必须已经通过ADD ROUTEPOLICY配置了指定路由策略的名字以及通过ADD ROUTEPOLICYNODE配置了该策略下的节点。
UDG:ADD MATCHRTSRCPREFIXFILTER,UDG:ADD ROUTEPOLICY,must_precede,配置该命令前，必须已经通过ADD ROUTEPOLICY配置了指定路由策略的名字以及通过ADD ROUTEPOLICYNODE配置了该策略下的节点。
UDG:ADD MATCHRTSRCPREFIXFILTER,UDG:ADD ROUTEPOLICYNODE,must_precede,配置该命令前，必须已经通过ADD ROUTEPOLICY配置了指定路由策略的名字以及通过ADD ROUTEPOLICYNODE配置了该策略下的节点。
UDG:ADD MATCHRTSRCPREFIXFILTER,UDG:ADD PREFIXFILTERNODE,must_precede,配置该命令前，必须已经通过ADD PREFIXFILTERNODE配置了前缀过滤器。
UDG:ADD BASICCOMMUNITYNODE,UDG:ADD COMMUNITYFILTER,must_precede,配置该命令前，必须已经通过ADD COMMUNITYFILTER配置了基本团体过滤器。
UDG:ADD EXTENDCOMMUNITYFILTERNODE,UDG:ADD EXTENDCOMMUNITYFILTER,must_precede,配置该命令前，必须已经通过ADD EXTENDCOMMUNITYFILTER配置了基本扩展团体过滤器的名字。
UDG:ADD APPLYLOCALPREFERENCE,UDG:ADD ROUTEPOLICY,must_precede,配置该命令前，必须已经通过ADD ROUTEPOLICY配置了指定路由策略的名字以及通过ADD ROUTEPOLICYNODE配置了该策略下的节点。
UDG:ADD APPLYLOCALPREFERENCE,UDG:ADD ROUTEPOLICYNODE,must_precede,配置该命令前，必须已经通过ADD ROUTEPOLICY配置了指定路由策略的名字以及通过ADD ROUTEPOLICYNODE配置了该策略下的节点。
UDG:ADD APPLYORIGIN,UDG:ADD ROUTEPOLICYNODE,must_precede,配置该命令前，必须首先配置ADD ROUTEPOLICYNODE命令。
UDG:ADD APPLYPREFVALUE,UDG:ADD ROUTEPOLICYNODE,must_precede,配置该命令前，必须首先配置ADD ROUTEPOLICYNODE命令。
UDG:ADD APPLYCOST,UDG:ADD ROUTEPOLICY,must_precede,配置该命令前，必须已经通过ADD ROUTEPOLICY配置了指定路由策略的名字以及通过ADD ROUTEPOLICYNODE配置了该策略下的节点。
UDG:ADD APPLYCOST,UDG:ADD ROUTEPOLICYNODE,must_precede,配置该命令前，必须已经通过ADD ROUTEPOLICY配置了指定路由策略的名字以及通过ADD ROUTEPOLICYNODE配置了该策略下的节点。
UDG:ADD APPLYCOSTTYPE,UDG:ADD ROUTEPOLICY,must_precede,配置该命令前，必须已经通过ADD ROUTEPOLICY配置了指定路由策略的名字以及通过ADD ROUTEPOLICYNODE配置了该策略下的节点。
UDG:ADD APPLYCOSTTYPE,UDG:ADD ROUTEPOLICYNODE,must_precede,配置该命令前，必须已经通过ADD ROUTEPOLICY配置了指定路由策略的名字以及通过ADD ROUTEPOLICYNODE配置了该策略下的节点。
UDG:ADD APPLYDAMPENING,UDG:ADD ROUTEPOLICY,must_precede,配置该命令前，必须已经通过ADD ROUTEPOLICY配置了指定路由策略的名字以及通过ADD ROUTEPOLICYNODE配置了该策略下的节点。
UDG:ADD APPLYDAMPENING,UDG:ADD ROUTEPOLICYNODE,must_precede,配置该命令前，必须已经通过ADD ROUTEPOLICY配置了指定路由策略的名字以及通过ADD ROUTEPOLICYNODE配置了该策略下的节点。
UDG:ADD APPLYTAG,UDG:ADD ROUTEPOLICY,must_precede,配置该命令前，必须已经通过ADD ROUTEPOLICY配置了指定路由策略的名字以及通过ADD ROUTEPOLICYNODE配置了该策略下的节点。
UDG:ADD APPLYTAG,UDG:ADD ROUTEPOLICYNODE,must_precede,配置该命令前，必须已经通过ADD ROUTEPOLICY配置了指定路由策略的名字以及通过ADD ROUTEPOLICYNODE配置了该策略下的节点。
UDG:ADD APPLYNEXTHOP,UDG:ADD ROUTEPOLICY,must_precede,配置该命令前，必须已经通过ADD ROUTEPOLICY配置了指定路由策略的名字以及通过ADD ROUTEPOLICYNODE配置了该策略下的节点。
UDG:ADD APPLYNEXTHOP,UDG:ADD ROUTEPOLICYNODE,must_precede,配置该命令前，必须已经通过ADD ROUTEPOLICY配置了指定路由策略的名字以及通过ADD ROUTEPOLICYNODE配置了该策略下的节点。
UDG:ADD APPLYPREFERENCE,UDG:ADD ROUTEPOLICY,must_precede,配置该命令前，必须已经通过ADD ROUTEPOLICY配置了指定路由策略的名字以及通过ADD ROUTEPOLICYNODE配置了该策略下的节点。
UDG:ADD APPLYPREFERENCE,UDG:ADD ROUTEPOLICYNODE,must_precede,配置该命令前，必须已经通过ADD ROUTEPOLICY配置了指定路由策略的名字以及通过ADD ROUTEPOLICYNODE配置了该策略下的节点。
UDG:ADD APPLYCOMMUNITYFILTERDELETE,UDG:ADD ROUTEPOLICY,must_precede,配置该命令前，必须已经通过ADD ROUTEPOLICY配置了指定路由策略的名字以及通过ADD ROUTEPOLICYNODE配置了该策略下的节点。
UDG:ADD APPLYCOMMUNITYFILTERDELETE,UDG:ADD ROUTEPOLICYNODE,must_precede,配置该命令前，必须已经通过ADD ROUTEPOLICY配置了指定路由策略的名字以及通过ADD ROUTEPOLICYNODE配置了该策略下的节点。
UDG:ADD APPLYCOMMUNITY,UDG:ADD ROUTEPOLICY,must_precede,配置该命令前，必须已经通过ADD ROUTEPOLICY配置了指定路由策略的名字以及通过ADD ROUTEPOLICYNODE配置了该策略下的节点。
UDG:ADD APPLYCOMMUNITY,UDG:ADD ROUTEPOLICYNODE,must_precede,配置该命令前，必须已经通过ADD ROUTEPOLICY配置了指定路由策略的名字以及通过ADD ROUTEPOLICYNODE配置了该策略下的节点。
UDG:ADD APPLYEXTENDCOMMUNITY,UDG:ADD ROUTEPOLICY,must_precede,配置该命令前，必须已经通过ADD ROUTEPOLICY配置了指定路由策略的名字以及通过ADD ROUTEPOLICYNODE配置了该策略下的节点。
UDG:ADD APPLYEXTENDCOMMUNITY,UDG:ADD ROUTEPOLICYNODE,must_precede,配置该命令前，必须已经通过ADD ROUTEPOLICY配置了指定路由策略的名字以及通过ADD ROUTEPOLICYNODE配置了该策略下的节点。
UDG:ADD APPLYASPATH,UDG:ADD ROUTEPOLICY,must_precede,配置该命令前，必须已经通过ADD ROUTEPOLICY配置了指定路由策略的名字以及通过ADD ROUTEPOLICYNODE配置了该策略下的节点。
UDG:ADD APPLYASPATH,UDG:ADD ROUTEPOLICYNODE,must_precede,配置该命令前，必须已经通过ADD ROUTEPOLICY配置了指定路由策略的名字以及通过ADD ROUTEPOLICYNODE配置了该策略下的节点。
UDG:ADD APPLYIPV6NEXTHOP,UDG:ADD ROUTEPOLICY,must_precede,配置该命令前，必须已经通过ADD ROUTEPOLICY配置了指定路由策略的名字以及通过ADD ROUTEPOLICYNODE配置了该策略下的节点。
UDG:ADD APPLYIPV6NEXTHOP,UDG:ADD ROUTEPOLICYNODE,must_precede,配置该命令前，必须已经通过ADD ROUTEPOLICY配置了指定路由策略的名字以及通过ADD ROUTEPOLICYNODE配置了该策略下的节点。
UDG:ADD APPLYROUTETYPE,UDG:ADD ROUTEPOLICY,must_precede,配置该命令前，必须已经通过ADD ROUTEPOLICY配置了指定路由策略的名字以及通过ADD ROUTEPOLICYNODE配置了该策略下的节点。
UDG:ADD APPLYROUTETYPE,UDG:ADD ROUTEPOLICYNODE,must_precede,配置该命令前，必须已经通过ADD ROUTEPOLICY配置了指定路由策略的名字以及通过ADD ROUTEPOLICYNODE配置了该策略下的节点。
UDG:RMV MATCHROUTETYPE,UDG:ADD ROUTEPOLICY,must_precede,配置该命令前，必须已经通过ADD ROUTEPOLICY配置了指定路由策略的名字以及通过ADD ROUTEPOLICYNODE配置了该策略下的节点。
UDG:RMV MATCHROUTETYPE,UDG:ADD ROUTEPOLICYNODE,must_precede,配置该命令前，必须已经通过ADD ROUTEPOLICY配置了指定路由策略的名字以及通过ADD ROUTEPOLICYNODE配置了该策略下的节点。
UDG:ADD MATCHROUTETYPE,UDG:ADD ROUTEPOLICY,must_precede,配置该命令前，必须已经通过ADD ROUTEPOLICY配置了指定路由策略的名字以及通过ADD ROUTEPOLICYNODE配置了该策略下的节点。
UDG:ADD MATCHROUTETYPE,UDG:ADD ROUTEPOLICYNODE,must_precede,配置该命令前，必须已经通过ADD ROUTEPOLICY配置了指定路由策略的名字以及通过ADD ROUTEPOLICYNODE配置了该策略下的节点。
UDG:ADD ADVANCEDCOMMUNITYNODE,UDG:ADD COMMUNITYFILTER,must_precede,配置该命令前，必须已经通过ADD COMMUNITYFILTER配置了高级团体过滤器。
UDG:ADD APPLYTUNNELPOLICY,UDG:ADD TUNNELPOLICY,must_precede,配置应用隧道策略前，需要先通过ADD TUNNELPOLICY配置相应的隧道策略。
UDG:SET APNTNLSTATUSRPT,UDG:ADD APN,must_precede,执行该命令前，必须先使用ADD APN命令配置APN。
UDG:SET APNFLOWMAXNUM,UDG:ADD APN,must_precede,对应的APN（使用ADD APN配置）必须存在才能配置成功。
UDG:MOD IPFARMSERVER,UDG:ADD IPFARMSERVER,must_precede,IPFarmName、IPVersion和ServerIP用于定位所要修改的记录，必须与已配置的内容保持一致，不可修改，添加ServerIP需执行ADD IPFARMSERVER添加。
UDG:SET SIPSIGMIRRORPARA,UDG:ADD VPNINST,must_precede,配置RDRVPN时，需要先配置ADD VPNINST。
UDG:SET APNFLOWAGETIME,UDG:ADD APN,must_precede,对应的APN（使用ADD APN配置）必须存在才能配置成功。
UDG:SET REFRESHSRV,UDG:SET REFRESHSRV,must_precede,新增加或者修改Acl、AclNode配置后，必须执行SET REFRESHSRV命令后，Acl、AclNode才能生效，即Acl、AclNode作为APN中匹配和执行动作的规则。在Acl绑定到APN中或者配置默认Acl时，Acl、AclNode会自动生效，Acl从APN中解除绑定或者修改默认Acl时，Acl、AclNode也会自动生效。
UDG:SET GLBEXTFILTER,UDG:ADD EXTENDEDFILTER,must_precede,执行该命令前，必须通过ADD EXTENDEDFILTER命令配置扩展过滤器。
UDG:ADD ACL,UDG:SET REFRESHSRV,must_precede,ACL配置增加后，在执行SET REFRESHSRV命令30s后才会生效。SET REFRESHSRV必须在对所有ACL的配置修改完成后执行。
UDG:ADD ACL,UDG:SET REFRESHSRV,must_precede,ACL配置增加后，在执行SET REFRESHSRV命令30s后才会生效。SET REFRESHSRV必须在对所有ACL的配置修改完成后执行。
UDG:ADD ACLNODE,UDG:SET REFRESHSRV,must_precede,SET REFRESHSRV命令必须在对所有ACL节点的配置完成后执行。ACL节点配置增加后，在执行SET REFRESHSRV命令30s后生效。
UDG:ADD ACLNODE,UDG:SET REFRESHSRV,must_precede,SET REFRESHSRV命令必须在对所有ACL节点的配置完成后执行。ACL节点配置增加后，在执行SET REFRESHSRV命令30s后生效。
UDG:RMV RSA1024,UDG:MOD HEADEN,must_precede,已经被绑定到HeadEn命令中的RSA1024配置不能删除，若需要删除该RSA1024信息，需要先执行MOD HEADEN或RMV HEADEN命令解除绑定关系。
UDG:RMV RSA1024,UDG:RMV HEADEN,must_precede,已经被绑定到HeadEn命令中的RSA1024配置不能删除，若需要删除该RSA1024信息，需要先执行MOD HEADEN或RMV HEADEN命令解除绑定关系。
UDG:RMV RSA2048,UDG:MOD HEADEN,must_precede,已经被绑定到HeadEn命令中的RSA2048配置不能删除，若需要删除该RSA2048信息，需要先执行MOD HEADEN或RMV HEADEN命令解除绑定关系。
UDG:RMV RSA2048,UDG:RMV HEADEN,must_precede,已经被绑定到HeadEn命令中的RSA2048配置不能删除，若需要删除该RSA2048信息，需要先执行MOD HEADEN或RMV HEADEN命令解除绑定关系。
UDG:RMV RSA3072,UDG:MOD HEADEN,must_precede,已经被绑定到HeadEn命令中的RSA3072配置不能删除，若需要删除该RSA3072信息，需要先执行MOD HEADEN或RMV HEADEN命令解除绑定关系。
UDG:RMV RSA3072,UDG:RMV HEADEN,must_precede,已经被绑定到HeadEn命令中的RSA3072配置不能删除，若需要删除该RSA3072信息，需要先执行MOD HEADEN或RMV HEADEN命令解除绑定关系。
UDG:SET CFSRVMODE,UDG:ADD CFPROFILE,must_precede,如果DBMODE要设置为CUSTOMIZATION1，需要保证ADD CFPROFILE配置的CFPROFILENAME必须包含“&”且“&”不在字符串首尾，并且不同CFPROFILENAME“&”之前的字符串不一致。否则无法将DBMODE设置为CUSTOMIZATION1。
UDG:ADD CFWHITEURLLST,UDG:ADD WHITEURLLIST,must_precede,WHITELISTNAME由命令ADD WHITEURLLIST配置，同时该WHITELISTNAME必须配置至少一个URL。
UDG:MOD TLSHEADEN,UDG:RMV RULE,must_precede,已经被绑定到RULE命令中的HTTPS头增强不能修改，若需要重新配置该HTTPS头增强的信息需要先执行“RMV RULE”或“MOD RULE”命令解除绑定关系后，再做修改。
UDG:MOD TLSHEADEN,UDG:MOD RULE,must_precede,已经被绑定到RULE命令中的HTTPS头增强不能修改，若需要重新配置该HTTPS头增强的信息需要先执行“RMV RULE”或“MOD RULE”命令解除绑定关系后，再做修改。
UDG:RMV TLSHEADEN,UDG:RMV RULE,must_precede,已经被绑定到RULE命令中的HTTPS头增强不能删除，若需要删除该头增强的信息，需要先执行RMV RULE命令解除绑定关系后，再删除。
UDG:MOD HEADEN,UDG:RMV RULE,must_precede,已经被绑定到RULE命令中的头增强不能修改，若需要重新配置该头增强的信息需要先执行“RMV RULE”或“MOD RULE”命令解除绑定关系后，再做修改。
UDG:MOD HEADEN,UDG:MOD RULE,must_precede,已经被绑定到RULE命令中的头增强不能修改，若需要重新配置该头增强的信息需要先执行“RMV RULE”或“MOD RULE”命令解除绑定关系后，再做修改。
UDG:RMV HEADEN,UDG:RMV RULE,must_precede,已经被绑定到RULE命令中的头增强不能删除，若需要删除该头增强的信息，需要先执行RMV RULE命令解除绑定关系后，再删除。
UDG:ADD SNSSAIBWMUSRG,UDG:ADD SNSSAI,must_precede,绑定到用户组下的切片必须已经通过ADD SNSSAI命令配置。
UDG:ADD APNBINDBWMUSRG,UDG:ADD APN,must_precede,绑定到用户组下的APN必须已经通过ADD APN命令配置。
UDG:SET FUIEXTFILTER,UDG:ADD EXTENDEDFILTER,must_precede,执行该命令前，必须通过ADD EXTENDEDFILTER命令配置扩展过滤器。
UDG:ADD EPRPDYNIP,UDG:ADD EPRPDYN,must_precede,参数EPRPDYNNAME必须是通过ADD EPRPDYN命令添加过的EPRPDYN对象。
UDG:ADD L2TPLNSINFO,UDG:ADD L2TPLNSINFO,must_precede,通过ADD L2TPLNSINFO添加LNS配置前，需要先通过ADD L2TPGROUP配置L2TP组信息。
UDG:ADD L2TPLNSINFO,UDG:ADD L2TPGROUP,must_precede,通过ADD L2TPLNSINFO添加LNS配置前，需要先通过ADD L2TPGROUP配置L2TP组信息。
UDG:SET APNADDRESSATTR,UDG:ADD APN,must_precede,执行该命令前，必须先使用ADD APN命令配置APN。
UDG:ADD CONFLICTIP,UDG:ADD POOL,must_precede,配置冲突IPv4地址前，需要先执行ADD POOL命令配置地址池。
UDG:ADD CONFLICTIPV6,UDG:ADD POOL,must_precede,配置冲突IP地址前，需要先执行ADD POOL命令配置地址池。
UDG:ADD SECTION,UDG:ADD POOL,must_precede,系统上需要激活由系统本地分配地址的用户时，必须先执行命令ADD POOL配置本地地址池，本地地址池中必须配置本地地址段。
UDG:ADD SECTION,UDG:ADD SECTION,must_precede,UE地址段应规划使用规整地址段（必须是一个完整子网中的所有IP地址，详见ADD SECTION），避免UPF生成过多对外发布的路由对外部设备的冲击。
UDG:ADD POOLGRPMAP,UDG:ADD POOLGRPMAP,must_precede,在执行ADD POOLGRPMAP命令前，必须先执行命令ADD POOLGROUP配置地址池组，根据实际组网规划执行命令ADD TACGROUP/ADD LACGROUP配置TAC-Group/LAC-Group，ADD APN配置APN，ADD CPNODEID配置SMF。
UDG:ADD POOLGRPMAP,UDG:ADD POOLGROUP,must_precede,在执行ADD POOLGRPMAP命令前，必须先执行命令ADD POOLGROUP配置地址池组，根据实际组网规划执行命令ADD TACGROUP/ADD LACGROUP配置TAC-Group/LAC-Group，ADD APN配置APN，ADD CPNODEID配置SMF。
UDG:ADD POOLGRPMAP,UDG:ADD TACGROUP,must_precede,在执行ADD POOLGRPMAP命令前，必须先执行命令ADD POOLGROUP配置地址池组，根据实际组网规划执行命令ADD TACGROUP/ADD LACGROUP配置TAC-Group/LAC-Group，ADD APN配置APN，ADD CPNODEID配置SMF。
UDG:ADD POOLGRPMAP,UDG:ADD LACGROUP,must_precede,在执行ADD POOLGRPMAP命令前，必须先执行命令ADD POOLGROUP配置地址池组，根据实际组网规划执行命令ADD TACGROUP/ADD LACGROUP配置TAC-Group/LAC-Group，ADD APN配置APN，ADD CPNODEID配置SMF。
UDG:ADD POOLGRPMAP,UDG:ADD APN,must_precede,在执行ADD POOLGRPMAP命令前，必须先执行命令ADD POOLGROUP配置地址池组，根据实际组网规划执行命令ADD TACGROUP/ADD LACGROUP配置TAC-Group/LAC-Group，ADD APN配置APN，ADD CPNODEID配置SMF。
UDG:ADD POOLGRPMAP,UDG:ADD CPNODEID,must_precede,在执行ADD POOLGRPMAP命令前，必须先执行命令ADD POOLGROUP配置地址池组，根据实际组网规划执行命令ADD TACGROUP/ADD LACGROUP配置TAC-Group/LAC-Group，ADD APN配置APN，ADD CPNODEID配置SMF。
UDG:ADD POOLBINDGROUP,UDG:ADD POOLBINDGROUP,must_precede,在执行ADD POOLBINDGROUP命令前，必须先执行命令ADD POOLGROUP配置地址池组，ADD POOL配置地址池。
UDG:ADD POOLBINDGROUP,UDG:ADD POOLGROUP,must_precede,在执行ADD POOLBINDGROUP命令前，必须先执行命令ADD POOLGROUP配置地址池组，ADD POOL配置地址池。
UDG:ADD POOLBINDGROUP,UDG:ADD POOL,must_precede,在执行ADD POOLBINDGROUP命令前，必须先执行命令ADD POOLGROUP配置地址池组，ADD POOL配置地址池。
UNC:RMV SERVICEIPMCR,UNC:ADD SDAPLE,must_precede,如果要删除的业务IP地址已经被命令[**ADD SDAPLE**](../../Sdup接口管理/Sdup接口业务地址管理/增加SDAP本地实体(ADD SDAPLE)_26147290.md)引用，需要先通过[**RMV SDAPLE**](../../Sdup接口管理/Sdup接口业务地址管理/删除SDAP本地实体(RMV SDAPLE)_72226967.md)命令删除业务，然后再执行此命令
UNC:RMV SERVICEIPMCR,UNC:ADD SDAPLE,must_precede,如果要删除的业务IP地址已经被命令[**ADD SDAPLE**](../../Sdup接口管理/Sdup接口业务地址管理/增加SDAP本地实体(ADD SDAPLE)_26147290.md)引用，需要先通过[**RMV SDAPLE**](../../Sdup接口管理/Sdup接口业务地址管理/删除SDAP本地实体(RMV SDAPLE)_72226967.md)命令删除业务，然后再执行此命令
UNC:RMV SERVICEIPMCR,UNC:RMV SDAPLE,must_precede,如果要删除的业务IP地址已经被命令[**ADD SDAPLE**](../../Sdup接口管理/Sdup接口业务地址管理/增加SDAP本地实体(ADD SDAPLE)_26147290.md)引用，需要先通过[**RMV SDAPLE**](../../Sdup接口管理/Sdup接口业务地址管理/删除SDAP本地实体(RMV SDAPLE)_72226967.md)命令删除业务，然后再执行此命令
UNC:RMV SERVICEIPMCR,UNC:RMV SDAPLE,must_precede,如果要删除的业务IP地址已经被命令[**ADD SDAPLE**](../../Sdup接口管理/Sdup接口业务地址管理/增加SDAP本地实体(ADD SDAPLE)_26147290.md)引用，需要先通过[**RMV SDAPLE**](../../Sdup接口管理/Sdup接口业务地址管理/删除SDAP本地实体(RMV SDAPLE)_72226967.md)命令删除业务，然后再执行此命令
UNC:ADD GBIPLOCENDPT,UNC:ADD NSE,must_precede,配置本端端点时，必须通过[**ADD NSE**](../../信令实体管理/增加信令实体(ADD NSE)_26146028.md)命令先配置NSE，且NSE的承载类型为IP。
UNC:ADD GBIPLOCENDPT,UNC:ADD NSE,must_precede,配置本端端点时，必须通过[**ADD NSE**](../../信令实体管理/增加信令实体(ADD NSE)_26146028.md)命令先配置NSE，且NSE的承载类型为IP。
UNC:ADD RNC,UNC:ADD SCCPDPC,must_precede,输入“NI”和“SPC”确定的信令点必须在SCCP目的信令点表中已经配置。SCCP目的信令点表请参考[**ADD SCCPDPC**](../../信令传输管理/SCCP管理/SCCP目的信令点/增加SCCP目的信令点(ADD SCCPDPC)_26306130.md)命令。
UNC:ADD RNC,UNC:ADD SCCPDPC,must_precede,输入“NI”和“SPC”确定的信令点必须在SCCP目的信令点表中已经配置。SCCP目的信令点表请参考[**ADD SCCPDPC**](../../信令传输管理/SCCP管理/SCCP目的信令点/增加SCCP目的信令点(ADD SCCPDPC)_26306130.md)命令。
UNC:SET DSCPRMK,UNC:SET PDPCAR,must_precede,执行该命令之前需要先执行 [**SET PDPCAR**](../../../数据转发管理/转发资源管理/PDP资源管理/PDP流控参数管理/设置PDP流控参数(SET PDPCAR)_72345451.md) 命令将流控开关打开。
UNC:SET DSCPRMK,UNC:SET PDPCAR,must_precede,执行该命令之前需要先执行 [**SET PDPCAR**](../../../数据转发管理/转发资源管理/PDP资源管理/PDP流控参数管理/设置PDP流控参数(SET PDPCAR)_72345451.md) 命令将流控开关打开。
UNC:SET R8QOSMAP,UNC:ADD QCICONV,must_precede,该命令仅支持范围在1～9、65～66、69～70之间的QCI到Pre-R8 QoS的映射，如果QCI不在此范围内，需要先通过[**ADD QCICONV**](../../EPS QoS/扩展QCI转换关系/增加扩展QCI转换关系(ADD QCICONV)_26306024.md)命令将扩展QCI映射为标准QCI(1～9)。
UNC:SET R8QOSMAP,UNC:ADD QCICONV,must_precede,该命令仅支持范围在1～9、65～66、69～70之间的QCI到Pre-R8 QoS的映射，如果QCI不在此范围内，需要先通过[**ADD QCICONV**](../../EPS QoS/扩展QCI转换关系/增加扩展QCI转换关系(ADD QCICONV)_26306024.md)命令将扩展QCI映射为标准QCI(1～9)。
UNC:DSP TMPATH,UNC:SET TMAPINTF,must_precede,当本命令QRYTP参数取值DDB（数据库）时，[SET TMAPINTF](../Tm接口参数管理/设置Tm接口参数(SET TMAPINTF)_88088456.md)命令ECHOSIG参数开关必须是ON，否则查询不出结果。
UNC:DSP TMPATH,UNC:SET TMAPINTF,must_precede,当本命令QRYTP参数取值DDB（数据库）时，[SET TMAPINTF](../Tm接口参数管理/设置Tm接口参数(SET TMAPINTF)_88088456.md)命令ECHOSIG参数开关必须是ON，否则查询不出结果。
UNC:RMV SERVICEIP,UNC:ADD S1APLE,must_precede,如果要删除的业务IP地址已经被命令[**ADD S1APLE**](../../S1接口管理/S1AP本地实体/增加S1AP本地实体(ADD S1APLE)_26146254.md)、[**ADD DMLNK**](../../信令传输管理/Diameter管理/Diameter链路/增加Diameter链路配置(ADD DMLNK)_72225953.md)、[**ADD M3LNK**](..
UNC:RMV SERVICEIP,UNC:ADD S1APLE,must_precede,如果要删除的业务IP地址已经被命令[**ADD S1APLE**](../../S1接口管理/S1AP本地实体/增加S1AP本地实体(ADD S1APLE)_26146254.md)、[**ADD DMLNK**](../../信令传输管理/Diameter管理/Diameter链路/增加Diameter链路配置(ADD DMLNK)_72225953.md)、[**ADD M3LNK**](..
UNC:RMV SERVICEIP,UNC:ADD DMLNK,must_precede,如果要删除的业务IP地址已经被命令[**ADD S1APLE**](../../S1接口管理/S1AP本地实体/增加S1AP本地实体(ADD S1APLE)_26146254.md)、[**ADD DMLNK**](../../信令传输管理/Diameter管理/Diameter链路/增加Diameter链路配置(ADD DMLNK)_72225953.md)、[**ADD M3LNK**](..
UNC:RMV SERVICEIP,UNC:ADD DMLNK,must_precede,如果要删除的业务IP地址已经被命令[**ADD S1APLE**](../../S1接口管理/S1AP本地实体/增加S1AP本地实体(ADD S1APLE)_26146254.md)、[**ADD DMLNK**](../../信令传输管理/Diameter管理/Diameter链路/增加Diameter链路配置(ADD DMLNK)_72225953.md)、[**ADD M3LNK**](..
UNC:RMV SERVICEIP,UNC:ADD M3LNK,must_precede,如果要删除的业务IP地址已经被命令[**ADD S1APLE**](../../S1接口管理/S1AP本地实体/增加S1AP本地实体(ADD S1APLE)_26146254.md)、[**ADD DMLNK**](../../信令传输管理/Diameter管理/Diameter链路/增加Diameter链路配置(ADD DMLNK)_72225953.md)、[**ADD M3LNK**](..
UNC:RMV SERVICEIP,UNC:ADD M3LNK,must_precede,如果要删除的业务IP地址已经被命令[**ADD S1APLE**](../../S1接口管理/S1AP本地实体/增加S1AP本地实体(ADD S1APLE)_26146254.md)、[**ADD DMLNK**](../../信令传输管理/Diameter管理/Diameter链路/增加Diameter链路配置(ADD DMLNK)_72225953.md)、[**ADD M3LNK**](..
UNC:RMV SERVICEIP,UNC:ADD GTPCLE,must_precede,如果要删除的业务IP地址已经被命令[**ADD S1APLE**](../../S1接口管理/S1AP本地实体/增加S1AP本地实体(ADD S1APLE)_26146254.md)、[**ADD DMLNK**](../../信令传输管理/Diameter管理/Diameter链路/增加Diameter链路配置(ADD DMLNK)_72225953.md)、[**ADD M3LNK**](..
UNC:RMV SERVICEIP,UNC:ADD GTPCLE,must_precede,如果要删除的业务IP地址已经被命令[**ADD S1APLE**](../../S1接口管理/S1AP本地实体/增加S1AP本地实体(ADD S1APLE)_26146254.md)、[**ADD DMLNK**](../../信令传输管理/Diameter管理/Diameter链路/增加Diameter链路配置(ADD DMLNK)_72225953.md)、[**ADD M3LNK**](..
UNC:RMV SERVICEIP,UNC:ADD SGSLNK,must_precede,如果要删除的业务IP地址已经被命令[**ADD S1APLE**](../../S1接口管理/S1AP本地实体/增加S1AP本地实体(ADD S1APLE)_26146254.md)、[**ADD DMLNK**](../../信令传输管理/Diameter管理/Diameter链路/增加Diameter链路配置(ADD DMLNK)_72225953.md)、[**ADD M3LNK**](..
UNC:RMV SERVICEIP,UNC:ADD SGSLNK,must_precede,如果要删除的业务IP地址已经被命令[**ADD S1APLE**](../../S1接口管理/S1AP本地实体/增加S1AP本地实体(ADD S1APLE)_26146254.md)、[**ADD DMLNK**](../../信令传输管理/Diameter管理/Diameter链路/增加Diameter链路配置(ADD DMLNK)_72225953.md)、[**ADD M3LNK**](..
UNC:RMV SERVICEIP,UNC:ADD GTPULE,must_precede,如果要删除的业务IP地址已经被命令[**ADD S1APLE**](../../S1接口管理/S1AP本地实体/增加S1AP本地实体(ADD S1APLE)_26146254.md)、[**ADD DMLNK**](../../信令传输管理/Diameter管理/Diameter链路/增加Diameter链路配置(ADD DMLNK)_72225953.md)、[**ADD M3LNK**](..
UNC:RMV SERVICEIP,UNC:ADD GTPULE,must_precede,如果要删除的业务IP地址已经被命令[**ADD S1APLE**](../../S1接口管理/S1AP本地实体/增加S1AP本地实体(ADD S1APLE)_26146254.md)、[**ADD DMLNK**](../../信令传输管理/Diameter管理/Diameter链路/增加Diameter链路配置(ADD DMLNK)_72225953.md)、[**ADD M3LNK**](..
UNC:RMV SERVICEIP,UNC:ADD DNSLE,must_precede,如果要删除的业务IP地址已经被命令[**ADD S1APLE**](../../S1接口管理/S1AP本地实体/增加S1AP本地实体(ADD S1APLE)_26146254.md)、[**ADD DMLNK**](../../信令传输管理/Diameter管理/Diameter链路/增加Diameter链路配置(ADD DMLNK)_72225953.md)、[**ADD M3LNK**](..
UNC:RMV SERVICEIP,UNC:ADD DNSLE,must_precede,如果要删除的业务IP地址已经被命令[**ADD S1APLE**](../../S1接口管理/S1AP本地实体/增加S1AP本地实体(ADD S1APLE)_26146254.md)、[**ADD DMLNK**](../../信令传输管理/Diameter管理/Diameter链路/增加Diameter链路配置(ADD DMLNK)_72225953.md)、[**ADD M3LNK**](..
UNC:RMV SERVICEIP,UNC:ADD GBEPPOOL,must_precede,如果要删除的业务IP地址已经被命令[**ADD S1APLE**](../../S1接口管理/S1AP本地实体/增加S1AP本地实体(ADD S1APLE)_26146254.md)、[**ADD DMLNK**](../../信令传输管理/Diameter管理/Diameter链路/增加Diameter链路配置(ADD DMLNK)_72225953.md)、[**ADD M3LNK**](..
UNC:RMV SERVICEIP,UNC:ADD GBEPPOOL,must_precede,如果要删除的业务IP地址已经被命令[**ADD S1APLE**](../../S1接口管理/S1AP本地实体/增加S1AP本地实体(ADD S1APLE)_26146254.md)、[**ADD DMLNK**](../../信令传输管理/Diameter管理/Diameter链路/增加Diameter链路配置(ADD DMLNK)_72225953.md)、[**ADD M3LNK**](..
UNC:RMV SERVICEIP,UNC:ADD GBIPLOCENDPT,must_precede,如果要删除的业务IP地址已经被命令[**ADD S1APLE**](../../S1接口管理/S1AP本地实体/增加S1AP本地实体(ADD S1APLE)_26146254.md)、[**ADD DMLNK**](../../信令传输管理/Diameter管理/Diameter链路/增加Diameter链路配置(ADD DMLNK)_72225953.md)、[**ADD M3LNK**](..
UNC:RMV SERVICEIP,UNC:ADD GBIPLOCENDPT,must_precede,如果要删除的业务IP地址已经被命令[**ADD S1APLE**](../../S1接口管理/S1AP本地实体/增加S1AP本地实体(ADD S1APLE)_26146254.md)、[**ADD DMLNK**](../../信令传输管理/Diameter管理/Diameter链路/增加Diameter链路配置(ADD DMLNK)_72225953.md)、[**ADD M3LNK**](..
UNC:RMV SERVICEIP,UNC:ADD CHGCDPIP,must_precede,如果要删除的业务IP地址已经被命令[**ADD S1APLE**](../../S1接口管理/S1AP本地实体/增加S1AP本地实体(ADD S1APLE)_26146254.md)、[**ADD DMLNK**](../../信令传输管理/Diameter管理/Diameter链路/增加Diameter链路配置(ADD DMLNK)_72225953.md)、[**ADD M3LNK**](..
UNC:RMV SERVICEIP,UNC:ADD CHGCDPIP,must_precede,如果要删除的业务IP地址已经被命令[**ADD S1APLE**](../../S1接口管理/S1AP本地实体/增加S1AP本地实体(ADD S1APLE)_26146254.md)、[**ADD DMLNK**](../../信令传输管理/Diameter管理/Diameter链路/增加Diameter链路配置(ADD DMLNK)_72225953.md)、[**ADD M3LNK**](..
UNC:RMV SERVICEIP,UNC:ADD LCSAPLNK,must_precede,如果要删除的业务IP地址已经被命令[**ADD S1APLE**](../../S1接口管理/S1AP本地实体/增加S1AP本地实体(ADD S1APLE)_26146254.md)、[**ADD DMLNK**](../../信令传输管理/Diameter管理/Diameter链路/增加Diameter链路配置(ADD DMLNK)_72225953.md)、[**ADD M3LNK**](..
UNC:RMV SERVICEIP,UNC:ADD LCSAPLNK,must_precede,如果要删除的业务IP地址已经被命令[**ADD S1APLE**](../../S1接口管理/S1AP本地实体/增加S1AP本地实体(ADD S1APLE)_26146254.md)、[**ADD DMLNK**](../../信令传输管理/Diameter管理/Diameter链路/增加Diameter链路配置(ADD DMLNK)_72225953.md)、[**ADD M3LNK**](..
UNC:RMV SERVICEIP,UNC:ADD SBCAPLE,must_precede,如果要删除的业务IP地址已经被命令[**ADD S1APLE**](../../S1接口管理/S1AP本地实体/增加S1AP本地实体(ADD S1APLE)_26146254.md)、[**ADD DMLNK**](../../信令传输管理/Diameter管理/Diameter链路/增加Diameter链路配置(ADD DMLNK)_72225953.md)、[**ADD M3LNK**](..
UNC:RMV SERVICEIP,UNC:ADD SBCAPLE,must_precede,如果要删除的业务IP地址已经被命令[**ADD S1APLE**](../../S1接口管理/S1AP本地实体/增加S1AP本地实体(ADD S1APLE)_26146254.md)、[**ADD DMLNK**](../../信令传输管理/Diameter管理/Diameter链路/增加Diameter链路配置(ADD DMLNK)_72225953.md)、[**ADD M3LNK**](..
UNC:RMV SERVICEIP,UNC:ADD SBCAPLNK,must_precede,如果要删除的业务IP地址已经被命令[**ADD S1APLE**](../../S1接口管理/S1AP本地实体/增加S1AP本地实体(ADD S1APLE)_26146254.md)、[**ADD DMLNK**](../../信令传输管理/Diameter管理/Diameter链路/增加Diameter链路配置(ADD DMLNK)_72225953.md)、[**ADD M3LNK**](..
UNC:RMV SERVICEIP,UNC:ADD SBCAPLNK,must_precede,如果要删除的业务IP地址已经被命令[**ADD S1APLE**](../../S1接口管理/S1AP本地实体/增加S1AP本地实体(ADD S1APLE)_26146254.md)、[**ADD DMLNK**](../../信令传输管理/Diameter管理/Diameter链路/增加Diameter链路配置(ADD DMLNK)_72225953.md)、[**ADD M3LNK**](..
UNC:RMV SERVICEIP,UNC:ADD SCTPLE,must_precede,如果要删除的业务IP地址已经被命令[**ADD S1APLE**](../../S1接口管理/S1AP本地实体/增加S1AP本地实体(ADD S1APLE)_26146254.md)、[**ADD DMLNK**](../../信令传输管理/Diameter管理/Diameter链路/增加Diameter链路配置(ADD DMLNK)_72225953.md)、[**ADD M3LNK**](..
UNC:RMV SERVICEIP,UNC:ADD SCTPLE,must_precede,如果要删除的业务IP地址已经被命令[**ADD S1APLE**](../../S1接口管理/S1AP本地实体/增加S1AP本地实体(ADD S1APLE)_26146254.md)、[**ADD DMLNK**](../../信令传输管理/Diameter管理/Diameter链路/增加Diameter链路配置(ADD DMLNK)_72225953.md)、[**ADD M3LNK**](..
UNC:RMV SERVICEIP,UNC:RMV S1APLE,must_precede,如果要删除的业务IP地址已经被命令[**ADD S1APLE**](../../S1接口管理/S1AP本地实体/增加S1AP本地实体(ADD S1APLE)_26146254.md)、[**ADD DMLNK**](../../信令传输管理/Diameter管理/Diameter链路/增加Diameter链路配置(ADD DMLNK)_72225953.md)、[**ADD M3LNK**](..
UNC:RMV SERVICEIP,UNC:RMV S1APLE,must_precede,如果要删除的业务IP地址已经被命令[**ADD S1APLE**](../../S1接口管理/S1AP本地实体/增加S1AP本地实体(ADD S1APLE)_26146254.md)、[**ADD DMLNK**](../../信令传输管理/Diameter管理/Diameter链路/增加Diameter链路配置(ADD DMLNK)_72225953.md)、[**ADD M3LNK**](..
UNC:RMV SERVICEIP,UNC:RMV DMLNK,must_precede,如果要删除的业务IP地址已经被命令[**ADD S1APLE**](../../S1接口管理/S1AP本地实体/增加S1AP本地实体(ADD S1APLE)_26146254.md)、[**ADD DMLNK**](../../信令传输管理/Diameter管理/Diameter链路/增加Diameter链路配置(ADD DMLNK)_72225953.md)、[**ADD M3LNK**](..
UNC:RMV SERVICEIP,UNC:RMV DMLNK,must_precede,如果要删除的业务IP地址已经被命令[**ADD S1APLE**](../../S1接口管理/S1AP本地实体/增加S1AP本地实体(ADD S1APLE)_26146254.md)、[**ADD DMLNK**](../../信令传输管理/Diameter管理/Diameter链路/增加Diameter链路配置(ADD DMLNK)_72225953.md)、[**ADD M3LNK**](..
UNC:RMV SERVICEIP,UNC:RMV M3LNK,must_precede,如果要删除的业务IP地址已经被命令[**ADD S1APLE**](../../S1接口管理/S1AP本地实体/增加S1AP本地实体(ADD S1APLE)_26146254.md)、[**ADD DMLNK**](../../信令传输管理/Diameter管理/Diameter链路/增加Diameter链路配置(ADD DMLNK)_72225953.md)、[**ADD M3LNK**](..
UNC:RMV SERVICEIP,UNC:RMV M3LNK,must_precede,如果要删除的业务IP地址已经被命令[**ADD S1APLE**](../../S1接口管理/S1AP本地实体/增加S1AP本地实体(ADD S1APLE)_26146254.md)、[**ADD DMLNK**](../../信令传输管理/Diameter管理/Diameter链路/增加Diameter链路配置(ADD DMLNK)_72225953.md)、[**ADD M3LNK**](..
UNC:RMV SERVICEIP,UNC:RMV GTPCLE,must_precede,如果要删除的业务IP地址已经被命令[**ADD S1APLE**](../../S1接口管理/S1AP本地实体/增加S1AP本地实体(ADD S1APLE)_26146254.md)、[**ADD DMLNK**](../../信令传输管理/Diameter管理/Diameter链路/增加Diameter链路配置(ADD DMLNK)_72225953.md)、[**ADD M3LNK**](..
UNC:RMV SERVICEIP,UNC:RMV GTPCLE,must_precede,如果要删除的业务IP地址已经被命令[**ADD S1APLE**](../../S1接口管理/S1AP本地实体/增加S1AP本地实体(ADD S1APLE)_26146254.md)、[**ADD DMLNK**](../../信令传输管理/Diameter管理/Diameter链路/增加Diameter链路配置(ADD DMLNK)_72225953.md)、[**ADD M3LNK**](..
UNC:RMV SERVICEIP,UNC:RMV SGSLNK,must_precede,如果要删除的业务IP地址已经被命令[**ADD S1APLE**](../../S1接口管理/S1AP本地实体/增加S1AP本地实体(ADD S1APLE)_26146254.md)、[**ADD DMLNK**](../../信令传输管理/Diameter管理/Diameter链路/增加Diameter链路配置(ADD DMLNK)_72225953.md)、[**ADD M3LNK**](..
UNC:RMV SERVICEIP,UNC:RMV SGSLNK,must_precede,如果要删除的业务IP地址已经被命令[**ADD S1APLE**](../../S1接口管理/S1AP本地实体/增加S1AP本地实体(ADD S1APLE)_26146254.md)、[**ADD DMLNK**](../../信令传输管理/Diameter管理/Diameter链路/增加Diameter链路配置(ADD DMLNK)_72225953.md)、[**ADD M3LNK**](..
UNC:RMV SERVICEIP,UNC:RMV GTPULE,must_precede,如果要删除的业务IP地址已经被命令[**ADD S1APLE**](../../S1接口管理/S1AP本地实体/增加S1AP本地实体(ADD S1APLE)_26146254.md)、[**ADD DMLNK**](../../信令传输管理/Diameter管理/Diameter链路/增加Diameter链路配置(ADD DMLNK)_72225953.md)、[**ADD M3LNK**](..
UNC:RMV SERVICEIP,UNC:RMV GTPULE,must_precede,如果要删除的业务IP地址已经被命令[**ADD S1APLE**](../../S1接口管理/S1AP本地实体/增加S1AP本地实体(ADD S1APLE)_26146254.md)、[**ADD DMLNK**](../../信令传输管理/Diameter管理/Diameter链路/增加Diameter链路配置(ADD DMLNK)_72225953.md)、[**ADD M3LNK**](..
UNC:RMV SERVICEIP,UNC:RMV DNSLE,must_precede,如果要删除的业务IP地址已经被命令[**ADD S1APLE**](../../S1接口管理/S1AP本地实体/增加S1AP本地实体(ADD S1APLE)_26146254.md)、[**ADD DMLNK**](../../信令传输管理/Diameter管理/Diameter链路/增加Diameter链路配置(ADD DMLNK)_72225953.md)、[**ADD M3LNK**](..
UNC:RMV SERVICEIP,UNC:RMV DNSLE,must_precede,如果要删除的业务IP地址已经被命令[**ADD S1APLE**](../../S1接口管理/S1AP本地实体/增加S1AP本地实体(ADD S1APLE)_26146254.md)、[**ADD DMLNK**](../../信令传输管理/Diameter管理/Diameter链路/增加Diameter链路配置(ADD DMLNK)_72225953.md)、[**ADD M3LNK**](..
UNC:RMV SERVICEIP,UNC:RMV GBEPPOOL,must_precede,如果要删除的业务IP地址已经被命令[**ADD S1APLE**](../../S1接口管理/S1AP本地实体/增加S1AP本地实体(ADD S1APLE)_26146254.md)、[**ADD DMLNK**](../../信令传输管理/Diameter管理/Diameter链路/增加Diameter链路配置(ADD DMLNK)_72225953.md)、[**ADD M3LNK**](..
UNC:RMV SERVICEIP,UNC:RMV GBEPPOOL,must_precede,如果要删除的业务IP地址已经被命令[**ADD S1APLE**](../../S1接口管理/S1AP本地实体/增加S1AP本地实体(ADD S1APLE)_26146254.md)、[**ADD DMLNK**](../../信令传输管理/Diameter管理/Diameter链路/增加Diameter链路配置(ADD DMLNK)_72225953.md)、[**ADD M3LNK**](..
UNC:RMV SERVICEIP,UNC:RMV GBIPLOCENDPT,must_precede,如果要删除的业务IP地址已经被命令[**ADD S1APLE**](../../S1接口管理/S1AP本地实体/增加S1AP本地实体(ADD S1APLE)_26146254.md)、[**ADD DMLNK**](../../信令传输管理/Diameter管理/Diameter链路/增加Diameter链路配置(ADD DMLNK)_72225953.md)、[**ADD M3LNK**](..
UNC:RMV SERVICEIP,UNC:RMV GBIPLOCENDPT,must_precede,如果要删除的业务IP地址已经被命令[**ADD S1APLE**](../../S1接口管理/S1AP本地实体/增加S1AP本地实体(ADD S1APLE)_26146254.md)、[**ADD DMLNK**](../../信令传输管理/Diameter管理/Diameter链路/增加Diameter链路配置(ADD DMLNK)_72225953.md)、[**ADD M3LNK**](..
UNC:RMV SERVICEIP,UNC:RMV CHGCDPIP,must_precede,如果要删除的业务IP地址已经被命令[**ADD S1APLE**](../../S1接口管理/S1AP本地实体/增加S1AP本地实体(ADD S1APLE)_26146254.md)、[**ADD DMLNK**](../../信令传输管理/Diameter管理/Diameter链路/增加Diameter链路配置(ADD DMLNK)_72225953.md)、[**ADD M3LNK**](..
UNC:RMV SERVICEIP,UNC:RMV CHGCDPIP,must_precede,如果要删除的业务IP地址已经被命令[**ADD S1APLE**](../../S1接口管理/S1AP本地实体/增加S1AP本地实体(ADD S1APLE)_26146254.md)、[**ADD DMLNK**](../../信令传输管理/Diameter管理/Diameter链路/增加Diameter链路配置(ADD DMLNK)_72225953.md)、[**ADD M3LNK**](..
UNC:RMV SERVICEIP,UNC:RMV LCSAPLNK,must_precede,如果要删除的业务IP地址已经被命令[**ADD S1APLE**](../../S1接口管理/S1AP本地实体/增加S1AP本地实体(ADD S1APLE)_26146254.md)、[**ADD DMLNK**](../../信令传输管理/Diameter管理/Diameter链路/增加Diameter链路配置(ADD DMLNK)_72225953.md)、[**ADD M3LNK**](..
UNC:RMV SERVICEIP,UNC:RMV LCSAPLNK,must_precede,如果要删除的业务IP地址已经被命令[**ADD S1APLE**](../../S1接口管理/S1AP本地实体/增加S1AP本地实体(ADD S1APLE)_26146254.md)、[**ADD DMLNK**](../../信令传输管理/Diameter管理/Diameter链路/增加Diameter链路配置(ADD DMLNK)_72225953.md)、[**ADD M3LNK**](..
UNC:RMV SERVICEIP,UNC:RMV SBCAPLE,must_precede,如果要删除的业务IP地址已经被命令[**ADD S1APLE**](../../S1接口管理/S1AP本地实体/增加S1AP本地实体(ADD S1APLE)_26146254.md)、[**ADD DMLNK**](../../信令传输管理/Diameter管理/Diameter链路/增加Diameter链路配置(ADD DMLNK)_72225953.md)、[**ADD M3LNK**](..
UNC:RMV SERVICEIP,UNC:RMV SBCAPLE,must_precede,如果要删除的业务IP地址已经被命令[**ADD S1APLE**](../../S1接口管理/S1AP本地实体/增加S1AP本地实体(ADD S1APLE)_26146254.md)、[**ADD DMLNK**](../../信令传输管理/Diameter管理/Diameter链路/增加Diameter链路配置(ADD DMLNK)_72225953.md)、[**ADD M3LNK**](..
UNC:RMV SERVICEIP,UNC:RMV SBCAPLNK,must_precede,如果要删除的业务IP地址已经被命令[**ADD S1APLE**](../../S1接口管理/S1AP本地实体/增加S1AP本地实体(ADD S1APLE)_26146254.md)、[**ADD DMLNK**](../../信令传输管理/Diameter管理/Diameter链路/增加Diameter链路配置(ADD DMLNK)_72225953.md)、[**ADD M3LNK**](..
UNC:RMV SERVICEIP,UNC:RMV SBCAPLNK,must_precede,如果要删除的业务IP地址已经被命令[**ADD S1APLE**](../../S1接口管理/S1AP本地实体/增加S1AP本地实体(ADD S1APLE)_26146254.md)、[**ADD DMLNK**](../../信令传输管理/Diameter管理/Diameter链路/增加Diameter链路配置(ADD DMLNK)_72225953.md)、[**ADD M3LNK**](..
UNC:RMV SERVICEIP,UNC:RMV SCTPLE,must_precede,如果要删除的业务IP地址已经被命令[**ADD S1APLE**](../../S1接口管理/S1AP本地实体/增加S1AP本地实体(ADD S1APLE)_26146254.md)、[**ADD DMLNK**](../../信令传输管理/Diameter管理/Diameter链路/增加Diameter链路配置(ADD DMLNK)_72225953.md)、[**ADD M3LNK**](..
UNC:RMV SERVICEIP,UNC:RMV SCTPLE,must_precede,如果要删除的业务IP地址已经被命令[**ADD S1APLE**](../../S1接口管理/S1AP本地实体/增加S1AP本地实体(ADD S1APLE)_26146254.md)、[**ADD DMLNK**](../../信令传输管理/Diameter管理/Diameter链路/增加Diameter链路配置(ADD DMLNK)_72225953.md)、[**ADD M3LNK**](..
UNC:RMV UEUSGTYPEGP,UNC:RMV UEUSGTYPEGPMEM,must_precede,删除UE USAGE TYPE群组时必须首先删除该UE USAGE TYPE群组下的所有成员，可执行[**RMV UEUSGTYPEGPMEM**](../UE USAGE TYPE群组成员管理/删除UE USAGE TYPE群组成员(RMV UEUSGTYPEGPMEM)_72345423.md)命令进行删除。
UNC:RMV UEUSGTYPEGP,UNC:RMV UEUSGTYPEGPMEM,must_precede,删除UE USAGE TYPE群组时必须首先删除该UE USAGE TYPE群组下的所有成员，可执行[**RMV UEUSGTYPEGPMEM**](../UE USAGE TYPE群组成员管理/删除UE USAGE TYPE群组成员(RMV UEUSGTYPEGPMEM)_72345423.md)命令进行删除。
UNC:MOD ARPRANGE,UNC:ADD ARPPARA,must_precede,本命令中引用的ARP策略数据需要先在[**ADD ARPPARA**](../../../QoS管理/Pre-R8 QoS/QoS应用/ARP转换/增加ARP策略参数配置(ADD ARPPARA)_72225903.md)命令中配置完毕，才能在本命令中引用。
UNC:MOD ARPRANGE,UNC:ADD ARPPARA,must_precede,本命令中引用的ARP策略数据需要先在[**ADD ARPPARA**](../../../QoS管理/Pre-R8 QoS/QoS应用/ARP转换/增加ARP策略参数配置(ADD ARPPARA)_72225903.md)命令中配置完毕，才能在本命令中引用。
UNC:ADD ARPRANGE,UNC:ADD ARPPARA,must_precede,本命令中引用的ARP策略数据需要先在[**ADD ARPPARA**](../../../QoS管理/Pre-R8 QoS/QoS应用/ARP转换/增加ARP策略参数配置(ADD ARPPARA)_72225903.md)命令中配置完毕，才能在本命令中引用。
UNC:ADD ARPRANGE,UNC:ADD ARPPARA,must_precede,本命令中引用的ARP策略数据需要先在[**ADD ARPPARA**](../../../QoS管理/Pre-R8 QoS/QoS应用/ARP转换/增加ARP策略参数配置(ADD ARPPARA)_72225903.md)命令中配置完毕，才能在本命令中引用。
UNC:ADD DMLE,UNC:ADD DMLE,must_precede,该命令为S6a口、S13口、SLg口基本配置，在UNC与HSS、EIR、DRA或GMLC对接的时候必须配置，当配置用于S13口时，本地实体索引（LOINDEX）需要配置为0。如果需要使用其他本地实体索引，请参考DWORD_EX18 BIT1–6的配置说明。DWORD_EX18 BIT6 控制UNC在发送S13接口消息时是否根据“DWORD_EX18” BIT1-BIT5设置的“本地实体索引”携带对
UNC:MOD DMRTPRI,UNC:ADD DMRT,must_precede,修改的记录必须要在[**ADD DMRT**](../Diameter路由/增加Diameter域路由配置(ADD DMRT)_26306100.md)中添加。
UNC:MOD DMRTPRI,UNC:ADD DMRT,must_precede,修改的记录必须要在[**ADD DMRT**](../Diameter路由/增加Diameter域路由配置(ADD DMRT)_26306100.md)中添加。
UNC:ADD M3LE,UNC:SET SIGATTR,must_precede,在配置本地实体前，信令网属性表必须先配置成功（使用[**SET SIGATTR**](../../信令网属性管理/设置信令网属性(SET SIGATTR)_72226021.md)设置）。
UNC:ADD M3LE,UNC:SET SIGATTR,must_precede,在配置本地实体前，信令网属性表必须先配置成功（使用[**SET SIGATTR**](../../信令网属性管理/设置信令网属性(SET SIGATTR)_72226021.md)设置）。
UNC:ADD SCCPGT,UNC:ADD IMSIGT,must_precede,如果[**ADD IMSIGT**](../../../MAP应用协议/IMSI GT转换信息/增加IMSI-GT对应关系(ADD IMSIGT)_72345061.md)中配置的IMSI前缀与国家代码_网络接入号相同，[**ADD SCCPGT**](增加SCCP全局翻译码(ADD SCCPGT)_26306136.md)中对应GT的编号计划必须为“陆地移动编号计划”。
UNC:ADD SCCPGT,UNC:ADD IMSIGT,must_precede,如果[**ADD IMSIGT**](../../../MAP应用协议/IMSI GT转换信息/增加IMSI-GT对应关系(ADD IMSIGT)_72345061.md)中配置的IMSI前缀与国家代码_网络接入号相同，[**ADD SCCPGT**](增加SCCP全局翻译码(ADD SCCPGT)_26306136.md)中对应GT的编号计划必须为“陆地移动编号计划”。
UNC:ADD SCCPGT,UNC:ADD SCCPGT,must_precede,如果[**ADD IMSIGT**](../../../MAP应用协议/IMSI GT转换信息/增加IMSI-GT对应关系(ADD IMSIGT)_72345061.md)中配置的IMSI前缀与国家代码_网络接入号相同，[**ADD SCCPGT**](增加SCCP全局翻译码(ADD SCCPGT)_26306136.md)中对应GT的编号计划必须为“陆地移动编号计划”。
UNC:ADD SCCPGT,UNC:ADD SCCPGT,must_precede,如果[**ADD IMSIGT**](../../../MAP应用协议/IMSI GT转换信息/增加IMSI-GT对应关系(ADD IMSIGT)_72345061.md)中配置的IMSI前缀与国家代码_网络接入号相同，[**ADD SCCPGT**](增加SCCP全局翻译码(ADD SCCPGT)_26306136.md)中对应GT的编号计划必须为“陆地移动编号计划”。
UNC:ADD SCCPOPC,UNC:SET SIGATTR,must_precede,本局信令点表中的网络标识必须在信令点属性表中设置（[**SET SIGATTR**](../../信令网属性管理/设置信令网属性(SET SIGATTR)_72226021.md)）。
UNC:ADD SCCPOPC,UNC:SET SIGATTR,must_precede,本局信令点表中的网络标识必须在信令点属性表中设置（[**SET SIGATTR**](../../信令网属性管理/设置信令网属性(SET SIGATTR)_72226021.md)）。
UNC:ADD SMSFOPC,UNC:ADD SCCPOPC,must_precede,该命令中的NI+OPC+SMSFN需要先通过ADD SCCPOPC创建。
UNC:ADD VLROPC,UNC:ADD SCCPOPC,must_precede,该命令中的NI+OPC+VLRN需要先通过ADD SCCPOPC创建。
UNC:MOD IMSIVLR,UNC:ADD VLR,must_precede,当部署了“WSFD-201007SRVCC的MSC拓扑选择”或“WSFD-102401基于CSFB的USSD业务”或“WSFD-102402基于CSFB的LCS业务”特性时，如果用户在SRVCC流程，按对应特性方式选择的MSC/VLR配置了主机名，而使用该命令选择的MSC/VLR在[**ADD VLR**](../VLR管理/增加VLR配置信息(ADD VLR)_26305254.md)命令中未配
UNC:MOD IMSIVLR,UNC:ADD VLR,must_precede,当部署了“WSFD-201007SRVCC的MSC拓扑选择”或“WSFD-102401基于CSFB的USSD业务”或“WSFD-102402基于CSFB的LCS业务”特性时，如果用户在SRVCC流程，按对应特性方式选择的MSC/VLR配置了主机名，而使用该命令选择的MSC/VLR在[**ADD VLR**](../VLR管理/增加VLR配置信息(ADD VLR)_26305254.md)命令中未配
UNC:ADD IMSIVLR,UNC:ADD VLR,must_precede,当部署了“WSFD-201007SRVCC的MSC拓扑选择”或“WSFD-102401基于CSFB的USSD业务”或“WSFD-102402基于CSFB的LCS业务”特性时，如果用户在SRVCC流程，按对应特性方式选择的MSC/VLR配置了主机名，而使用该命令选择的MSC/VLR在[**ADD VLR**](../VLR管理/增加VLR配置信息(ADD VLR)_26305254.md)命令中未配
UNC:ADD IMSIVLR,UNC:ADD VLR,must_precede,当部署了“WSFD-201007SRVCC的MSC拓扑选择”或“WSFD-102401基于CSFB的USSD业务”或“WSFD-102402基于CSFB的LCS业务”特性时，如果用户在SRVCC流程，按对应特性方式选择的MSC/VLR配置了主机名，而使用该命令选择的MSC/VLR在[**ADD VLR**](../VLR管理/增加VLR配置信息(ADD VLR)_26305254.md)命令中未配
UNC:ADD LAIVLR,UNC:ADD VLR,must_precede,增加LAI与VLR对应关系之前必须先由[**ADD VLR**](../VLR管理/增加VLR配置信息(ADD VLR)_26305254.md)命令在VLR表中增加相应VLR的记录。
UNC:ADD LAIVLR,UNC:ADD VLR,must_precede,增加LAI与VLR对应关系之前必须先由[**ADD VLR**](../VLR管理/增加VLR配置信息(ADD VLR)_26305254.md)命令在VLR表中增加相应VLR的记录。
UNC:RMV ENBGP,UNC:RMV ENBGPMEM,must_precede,删除eNodeB群组时必须首先删除该eNodeB群组下的所有成员，可执行[**RMV ENBGPMEM**](../eNodeB群组成员管理/删除eNodeB群组成员(RMV ENBGPMEM)_26305420.md)命令进行删除。
UNC:RMV ENBGP,UNC:RMV ENBGPMEM,must_precede,删除eNodeB群组时必须首先删除该eNodeB群组下的所有成员，可执行[**RMV ENBGPMEM**](../eNodeB群组成员管理/删除eNodeB群组成员(RMV ENBGPMEM)_26305420.md)命令进行删除。
UNC:RMV MMEGP,UNC:RMV MMEGPMEM,must_precede,删除MME群组时必须首先删除该MME群组下的所有成员，可执行[**RMV MMEGPMEM**](../MME群组成员配置/删除MME群组成员(RMV MMEGPMEM)_72345221.md)命令进行删除。
UNC:RMV MMEGP,UNC:RMV MMEGPMEM,must_precede,删除MME群组时必须首先删除该MME群组下的所有成员，可执行[**RMV MMEGPMEM**](../MME群组成员配置/删除MME群组成员(RMV MMEGPMEM)_72345221.md)命令进行删除。
UNC:RMV LARAGP,UNC:RMV LARAGPMEM,must_precede,删除跟踪区群组时必须首先删除该跟踪区群组下的所有成员，可执行[**RMV LARAGPMEM**](../位置区群组成员管理/删除位置区群组成员(RMV LARAGPMEM)_26145484.md)命令进行删除。
UNC:RMV LARAGP,UNC:RMV LARAGPMEM,must_precede,删除跟踪区群组时必须首先删除该跟踪区群组下的所有成员，可执行[**RMV LARAGPMEM**](../位置区群组成员管理/删除位置区群组成员(RMV LARAGPMEM)_26145484.md)命令进行删除。
UNC:RMV AREAGP,UNC:RMV AREAGPMEM,must_precede,删除区域群时必须首先删除该区域群下的所有成员，可执行[**RMV AREAGPMEM**](../区域群成员管理/删除区域群成员(RMV AREAGPMEM)_26305356.md)。
UNC:RMV AREAGP,UNC:RMV AREAGPMEM,must_precede,删除区域群时必须首先删除该区域群下的所有成员，可执行[**RMV AREAGPMEM**](../区域群成员管理/删除区域群成员(RMV AREAGPMEM)_26305356.md)。
UNC:RMV IPAREAGP,UNC:RMV IPAREAGPMEM,must_precede,删除IP区域群时必须首先执行[**RMV IPAREAGPMEM**](../IP区域群成员管理/删除IP区域群成员(RMV IPAREAGPMEM)_72345197.md)删除该区域群下的所有成员。
UNC:RMV IPAREAGP,UNC:RMV IPAREAGPMEM,must_precede,删除IP区域群时必须首先执行[**RMV IPAREAGPMEM**](../IP区域群成员管理/删除IP区域群成员(RMV IPAREAGPMEM)_72345197.md)删除该区域群下的所有成员。
UNC:RMV TAGP,UNC:RMV TAGPMEM,must_precede,删除跟踪区群组时必须首先删除该跟踪区群组下的所有成员，可执行[**RMV TAGPMEM**](../跟踪区群组成员管理/删除TA群组成员(RMV TAGPMEM)_26305394.md)命令进行删除。
UNC:RMV TAGP,UNC:RMV TAGPMEM,must_precede,删除跟踪区群组时必须首先删除该跟踪区群组下的所有成员，可执行[**RMV TAGPMEM**](../跟踪区群组成员管理/删除TA群组成员(RMV TAGPMEM)_26305394.md)命令进行删除。
UNC:RMV POOL,UNC:RMV LOCALNRI,must_precede,必须保证所删除的POOL区未配置LOCALNRI(RMV LOCALNRI)和POOLNRI(RMV POOLNRI)；否则，不允许删除。
UNC:RMV POOL,UNC:RMV POOLNRI,must_precede,必须保证所删除的POOL区未配置LOCALNRI(RMV LOCALNRI)和POOLNRI(RMV POOLNRI)；否则，不允许删除。
UNC:RMV LOCALNRI,UNC:ADD LOCALNRI,must_precede,该命令输入的“NRI起始值”必须为**[ADD LOCALNRI](增加本局NRI配置信息(ADD LOCALNRI)_72345699.md)**命令中输入的“NRI起始值”。从“NRI起始值”开始的N个NRI都将被删除（其中N为**[ADD LOCALNRI](增加本局NRI配置信息(ADD LOCALNRI)_72345699.md)**命令中输入的“NRI个数”）。
UNC:RMV LOCALNRI,UNC:ADD LOCALNRI,must_precede,该命令输入的“NRI起始值”必须为**[ADD LOCALNRI](增加本局NRI配置信息(ADD LOCALNRI)_72345699.md)**命令中输入的“NRI起始值”。从“NRI起始值”开始的N个NRI都将被删除（其中N为**[ADD LOCALNRI](增加本局NRI配置信息(ADD LOCALNRI)_72345699.md)**命令中输入的“NRI个数”）。
UNC:RMV LOCALNRI,UNC:ADD LOCALNRI,must_precede,该命令输入的“NRI起始值”必须为**[ADD LOCALNRI](增加本局NRI配置信息(ADD LOCALNRI)_72345699.md)**命令中输入的“NRI起始值”。从“NRI起始值”开始的N个NRI都将被删除（其中N为**[ADD LOCALNRI](增加本局NRI配置信息(ADD LOCALNRI)_72345699.md)**命令中输入的“NRI个数”）。
UNC:RMV LOCALNRI,UNC:ADD LOCALNRI,must_precede,该命令输入的“NRI起始值”必须为**[ADD LOCALNRI](增加本局NRI配置信息(ADD LOCALNRI)_72345699.md)**命令中输入的“NRI起始值”。从“NRI起始值”开始的N个NRI都将被删除（其中N为**[ADD LOCALNRI](增加本局NRI配置信息(ADD LOCALNRI)_72345699.md)**命令中输入的“NRI个数”）。
UNC:BLK LOCALNRI,UNC:ADD LOCALNRI,must_precede,该命令输入的“NRI起始值”必须为[**ADD LOCALNRI**](增加本局NRI配置信息(ADD LOCALNRI)_72345699.md)命令中输入的“NRI起始值”。
UNC:BLK LOCALNRI,UNC:ADD LOCALNRI,must_precede,该命令输入的“NRI起始值”必须为[**ADD LOCALNRI**](增加本局NRI配置信息(ADD LOCALNRI)_72345699.md)命令中输入的“NRI起始值”。
UNC:ADD HNOSRVPLMN,UNC:SET CHGCDR,must_precede,对于MOCN，需要先将[**SET CHGCDR**](../../../../计费管理/计费控制/设置计费CDR参数（SET CHGCDR）_26145372.md)中的“Non-supporting UE的PLMN获取策略”设置为“SRV_PLMN(SERVING PLMN)”后，此配置的数据才会生效。
UNC:ADD HNOSRVPLMN,UNC:SET CHGCDR,must_precede,对于MOCN，需要先将[**SET CHGCDR**](../../../../计费管理/计费控制/设置计费CDR参数（SET CHGCDR）_26145372.md)中的“Non-supporting UE的PLMN获取策略”设置为“SRV_PLMN(SERVING PLMN)”后，此配置的数据才会生效。
UNC:STR OFFLOADBYBSC,UNC:SET OFFLOADINF,must_precede,启动迁移前必须确保已通过[**SET OFFLOADINF**](设置迁移配置表（SET OFFLOADINF）_72345695.md)命令设置过迁移参数信息，且保证迁移参数中的“NULL NRI值”已配置，否则将无法启动迁移任务。
UNC:STR OFFLOADBYBSC,UNC:SET OFFLOADINF,must_precede,启动迁移前必须确保已通过[**SET OFFLOADINF**](设置迁移配置表（SET OFFLOADINF）_72345695.md)命令设置过迁移参数信息，且保证迁移参数中的“NULL NRI值”已配置，否则将无法启动迁移任务。
UNC:STR OFFLOADBYMME,UNC:SET SYS,must_precede,启动迁移前必须确保已通过[**SET SYS**](../../系统管理/系统参数管理/设置系统参数(SET SYS)_72345947.md)命令将MME的“设备能力”设置为0，否则将无法启动迁移任务。
UNC:STR OFFLOADBYMME,UNC:SET SYS,must_precede,启动迁移前必须确保已通过[**SET SYS**](../../系统管理/系统参数管理/设置系统参数(SET SYS)_72345947.md)命令将MME的“设备能力”设置为0，否则将无法启动迁移任务。
UNC:STR NBOFFLOADBYMME,UNC:SET SYS,must_precede,启动迁移前必须确保已通过[**SET SYS**](../../系统管理/系统参数管理/设置系统参数(SET SYS)_72345947.md)命令将MME的“设备能力”设置为0，否则将无法启动迁移任务。
UNC:STR NBOFFLOADBYMME,UNC:SET SYS,must_precede,启动迁移前必须确保已通过[**SET SYS**](../../系统管理/系统参数管理/设置系统参数(SET SYS)_72345947.md)命令将MME的“设备能力”设置为0，否则将无法启动迁移任务。
UNC:STR OFFLOADBYRNC,UNC:SET OFFLOADINF,must_precede,启动迁移前必须确保已通过[**SET OFFLOADINF**](设置迁移配置表（SET OFFLOADINF）_72345695.md)命令设置过迁移参数信息，且保证迁移参数中的“NULL NRI值”已配置，否则将无法启动迁移任务。
UNC:STR OFFLOADBYRNC,UNC:SET OFFLOADINF,must_precede,启动迁移前必须确保已通过[**SET OFFLOADINF**](设置迁移配置表（SET OFFLOADINF）_72345695.md)命令设置过迁移参数信息，且保证迁移参数中的“NULL NRI值”已配置，否则将无法启动迁移任务。
UNC:STR OFFLOADBYSGSN,UNC:SET OFFLOADINF,must_precede,启动迁移前必须确保已通过[**SET OFFLOADINF**](设置迁移配置表（SET OFFLOADINF）_72345695.md)命令设置过迁移参数信息，且保证迁移参数中的“NULL NRI值”已配置，否则将无法启动迁移任务。
UNC:STR OFFLOADBYSGSN,UNC:SET OFFLOADINF,must_precede,启动迁移前必须确保已通过[**SET OFFLOADINF**](设置迁移配置表（SET OFFLOADINF）_72345695.md)命令设置过迁移参数信息，且保证迁移参数中的“NULL NRI值”已配置，否则将无法启动迁移任务。
UNC:MOD CHGPLMNCG,UNC:ADD CHGCG,must_precede,该命令中配置的CG，需要先在CG配置表（[**ADD CHGCG**](../计费控制/增加CG配置参数（ADD CHGCG）_72225055.md)）中进行配置。CG配置表中会配置该CG的属性，如端口号，支持的协议版本等，这样SGSN才能与CG建立正常的链路，话单只能发给链路正常的CG。
UNC:MOD CHGPLMNCG,UNC:ADD CHGCG,must_precede,该命令中配置的CG，需要先在CG配置表（[**ADD CHGCG**](../计费控制/增加CG配置参数（ADD CHGCG）_72225055.md)）中进行配置。CG配置表中会配置该CG的属性，如端口号，支持的协议版本等，这样SGSN才能与CG建立正常的链路，话单只能发给链路正常的CG。
UNC:ADD CHGPLMNCG,UNC:ADD CHGCG,must_precede,该命令中配置的CG，需要先在CG配置表（[**ADD CHGCG**](../计费控制/增加CG配置参数（ADD CHGCG）_72225055.md)）中进行配置。CG配置表中会配置该CG的属性，如端口号，支持的协议版本等，这样SGSN才能与CG建立正常的链路，话单只能发给链路正常的CG。
UNC:ADD CHGPLMNCG,UNC:ADD CHGCG,must_precede,该命令中配置的CG，需要先在CG配置表（[**ADD CHGCG**](../计费控制/增加CG配置参数（ADD CHGCG）_72225055.md)）中进行配置。CG配置表中会配置该CG的属性，如端口号，支持的协议版本等，这样SGSN才能与CG建立正常的链路，话单只能发给链路正常的CG。
UNC:MOD CHGCG,UNC:SET CHGCDR,must_precede,当[**SET CHGCDR**](设置计费CDR参数（SET CHGCDR）_26145372.md)中配置“PLMNCG范围扩展（EXTRANGE）”为“NO”时，[**ADD CHGPLMNCG**](../PLMN CG 配置/增加PLMN-CG配置参数（ADD CHGPLMNCG）_72225067.md)中配置的CGIP，其在本命令中的“缺省CG（DEFAULTCG）”必须为“NO”。
UNC:MOD CHGCG,UNC:SET CHGCDR,must_precede,当[**SET CHGCDR**](设置计费CDR参数（SET CHGCDR）_26145372.md)中配置“PLMNCG范围扩展（EXTRANGE）”为“NO”时，[**ADD CHGPLMNCG**](../PLMN CG 配置/增加PLMN-CG配置参数（ADD CHGPLMNCG）_72225067.md)中配置的CGIP，其在本命令中的“缺省CG（DEFAULTCG）”必须为“NO”。
UNC:MOD CHGCG,UNC:ADD CHGPLMNCG,must_precede,当[**SET CHGCDR**](设置计费CDR参数（SET CHGCDR）_26145372.md)中配置“PLMNCG范围扩展（EXTRANGE）”为“NO”时，[**ADD CHGPLMNCG**](../PLMN CG 配置/增加PLMN-CG配置参数（ADD CHGPLMNCG）_72225067.md)中配置的CGIP，其在本命令中的“缺省CG（DEFAULTCG）”必须为“NO”。
UNC:MOD CHGCG,UNC:ADD CHGPLMNCG,must_precede,当[**SET CHGCDR**](设置计费CDR参数（SET CHGCDR）_26145372.md)中配置“PLMNCG范围扩展（EXTRANGE）”为“NO”时，[**ADD CHGPLMNCG**](../PLMN CG 配置/增加PLMN-CG配置参数（ADD CHGPLMNCG）_72225067.md)中配置的CGIP，其在本命令中的“缺省CG（DEFAULTCG）”必须为“NO”。
UNC:ADD CHGCG,UNC:SET CHGCDR,must_precede,当[**SET CHGCDR**](设置计费CDR参数（SET CHGCDR）_26145372.md)中配置“PLMNCG范围扩展（EXTRANGE）”为“NO”时，[**ADD CHGPLMNCG**](../PLMN CG 配置/增加PLMN-CG配置参数（ADD CHGPLMNCG）_72225067.md)中配置的CGIP，其在本命令中的“缺省CG（DEFAULTCG）”必须为“NO”。
UNC:ADD CHGCG,UNC:SET CHGCDR,must_precede,当[**SET CHGCDR**](设置计费CDR参数（SET CHGCDR）_26145372.md)中配置“PLMNCG范围扩展（EXTRANGE）”为“NO”时，[**ADD CHGPLMNCG**](../PLMN CG 配置/增加PLMN-CG配置参数（ADD CHGPLMNCG）_72225067.md)中配置的CGIP，其在本命令中的“缺省CG（DEFAULTCG）”必须为“NO”。
UNC:ADD CHGCG,UNC:ADD CHGPLMNCG,must_precede,当[**SET CHGCDR**](设置计费CDR参数（SET CHGCDR）_26145372.md)中配置“PLMNCG范围扩展（EXTRANGE）”为“NO”时，[**ADD CHGPLMNCG**](../PLMN CG 配置/增加PLMN-CG配置参数（ADD CHGPLMNCG）_72225067.md)中配置的CGIP，其在本命令中的“缺省CG（DEFAULTCG）”必须为“NO”。
UNC:ADD CHGCG,UNC:ADD CHGPLMNCG,must_precede,当[**SET CHGCDR**](设置计费CDR参数（SET CHGCDR）_26145372.md)中配置“PLMNCG范围扩展（EXTRANGE）”为“NO”时，[**ADD CHGPLMNCG**](../PLMN CG 配置/增加PLMN-CG配置参数（ADD CHGPLMNCG）_72225067.md)中配置的CGIP，其在本命令中的“缺省CG（DEFAULTCG）”必须为“NO”。
UNC:RMV PCRF,UNC:RMV PCRF,must_precede,如果是从直连路径改造成经DRA的非直连路径，且直连路径不再使用需要删除时，则需要先执行锁定对应APN并去活用户操作，用户去活完成后再执行RMV PCRF命令删除直连路径，并将已经对接好的DRA绑定到对应的APN下（ADD REALMBINDAPN），再解锁APN。
UNC:RMV PCRF,UNC:ADD REALMBINDAPN,must_precede,如果是从直连路径改造成经DRA的非直连路径，且直连路径不再使用需要删除时，则需要先执行锁定对应APN并去活用户操作，用户去活完成后再执行RMV PCRF命令删除直连路径，并将已经对接好的DRA绑定到对应的APN下（ADD REALMBINDAPN），再解锁APN。
UNC:RMV PCRF,UNC:RMV PCRF,must_precede,如果是从直连路径改造成直连路径与经DRA的非直连路径共存的场景，当后续直连路径不再使用需要删除时，则需要先执行锁定对应APN并去活用户操作，用户去活完成后再执行RMV PCRF命令删除直连路径，再解锁APN。
UNC:RMV PCRF,UNC:RMV PCRF,must_precede,如果是从经DRA的非直连路径改造成直连路径与经DRA的非直连路径共存的场景，当后续直连路径不再使用需要删除时，则需要先执行锁定对应APN并去活用户操作，用户去活完成后再执行RMV PCRF命令删除直连路径，再解锁APN。
UNC:SET MASTERPCRF,UNC:ADD PCRFBINDGRP,must_precede,配置的PCRF必须已通过ADD PCRFBINDGRP命令绑定到PCRF组。
UNC:TST AAA,UNC:ADD RDSSVR,must_precede,在执行该命令前需要先使用ADD RDSSVR命令配置要探测的鉴权服务器或者计费服务器，否则探测命令会执行失败。
UNC:ADD RULEBINDING,UNC:ADD USERPROFILE,must_precede,执行此命令前，需要先执行ADD USERPROFILE和ADD RULE命令。
UNC:ADD RULEBINDING,UNC:ADD RULE,must_precede,执行此命令前，需要先执行ADD USERPROFILE和ADD RULE命令。
UNC:ADD URRGROUP,UNC:ADD URR,must_precede,配置使用量上报规则组之前，上下行使用量上报规则信息必须已经预先在ADD URR命令中配置。如果不输入下行使用量上报规则信息，实际使用时采用上行使用量上报规则信息。
UNC:RMV OCS,UNC:RMV OCS,must_precede,如果是从直连路径改造成经DRA的非直连路径，且直连路径不再使用需要删除时，则需要先执行锁定对应APN并去活用户操作，用户去活完成后再执行RMV OCS命令删除直连路径，并将已经对接好的DRA绑定到对应的APN下（ADD REALMBINDAPN），再解锁APN。
UNC:RMV OCS,UNC:ADD REALMBINDAPN,must_precede,如果是从直连路径改造成经DRA的非直连路径，且直连路径不再使用需要删除时，则需要先执行锁定对应APN并去活用户操作，用户去活完成后再执行RMV OCS命令删除直连路径，并将已经对接好的DRA绑定到对应的APN下（ADD REALMBINDAPN），再解锁APN。
UNC:RMV OCS,UNC:RMV OCS,must_precede,如果是从直连路径改造成直连路径与经DRA的非直连路径共存的场景，当后续直连路径不再使用需要删除时，则需要先执行锁定对应APN并去活用户操作，用户去活完成后再执行RMV OCS命令删除直连路径，再解锁APN。
UNC:RMV OCS,UNC:RMV OCS,must_precede,如果是从经DRA的非直连路径改造成直连路径与经DRA的非直连路径共存的场景，当后续直连路径不再使用需要删除时，则需要先执行锁定对应APN并去活用户操作，用户去活完成后再执行RMV OCS命令删除直连路径，再解锁APN。
UNC:ADD DCCTEMPLATE,UNC:ADD DCCTEMPLATE,must_precede,如果DCC模板下需要配置OCS Group，则必须通过ADD DCCTEMPLATE或ADD OCSGRPBING命令配置主用OCG Group，否则用户激活时会因为选不到主用OCS-Group导致激活失败。
UNC:ADD DCCTEMPLATE,UNC:ADD OCSGRPBING,must_precede,如果DCC模板下需要配置OCS Group，则必须通过ADD DCCTEMPLATE或ADD OCSGRPBING命令配置主用OCG Group，否则用户激活时会因为选不到主用OCS-Group导致激活失败。
UNC:ADD CG,UNC:SET CONCENPOINT,must_precede,要配置此命令的GAPORT参数，需要先配置SET CONCENPOINT命令的GaConcenMode参数配置为SINGLE_CONNECT并且byte780 bit4置为1，否则GAPORT参数不生效。
UNC:MOD WEEKDAY,UNC:RMV WEEKDAY,must_precede,此命令不支持修改计费属性优先级，如需修改，必须先通过RMV WEEKDAY命令删除原来的配置，然后通过ADD WEEKDAY命令重新增加。
UNC:MOD WEEKDAY,UNC:ADD WEEKDAY,must_precede,此命令不支持修改计费属性优先级，如需修改，必须先通过RMV WEEKDAY命令删除原来的配置，然后通过ADD WEEKDAY命令重新增加。
UNC:MOD ACLRULEETH,UNC:ADD ACLRULEETH,must_precede,修改ACL规则前必须先执行ADD ACLRULEETH创建相应的规则。
UNC:ADD ACLRULEETH,UNC:ADD ACLGROUP,must_precede,增加ACL规则前必须先执行ADD ACLGROUP指定所在规则组，单个ACL规则组下最多支持16384条ACL规则。
UNC:ADD ACLRULEBAS4,UNC:ADD ACLGROUP,must_precede,增加ACL规则前必须先执行ADD ACLGROUP指定所在规则组，单个ACL规则组下最多支持16384条ACL规则。
UNC:ADD ACLRULEBAS6,UNC:ADD ACLGROUP6,must_precede,增加ACL规则前必须先执行ADD ACLGROUP6指定所在规则组，单个ACL规则组下最多支持16384条ACL规则。
UNC:MOD ACLRULEIF,UNC:ADD ACLRULEIF,must_precede,修改ACL规则前必须先执行ADD ACLRULEIF创建相应规则。
UNC:ADD ACLRULEIF,UNC:ADD ACLGROUP,must_precede,增加ACL规则前必须先执行ADD ACLGROUP指定所在规则组，单个ACL规则组下最多支持16384条ACL规则。
UNC:ADD ACLRULEADV4,UNC:ADD ACLGROUP,must_precede,增加ACL规则前必须先执行ADD ACLGROUP指定所在规则组，单个ACL规则组下最多支持16384条ACL规则。
UNC:ADD ACLRULEADV6,UNC:ADD ACLGROUP6,must_precede,增加ACL规则前必须先执行ADD ACLGROUP6指定所在规则组，单个ACL规则组下最多支持16384条ACL规则。
UNC:ADD ARPSTATICBLACKLIST,UNC:SET ARPANTISPOOFING,must_precede,执行该命令前，需要先执行SET ARPANTISPOOFING命令使能ARP防欺骗功能。
UNC:ADD BFDSESSION,UNC:SET BFD,must_precede,使用此命令前必须通过SET BFD命令全局使能BFD功能。
UNC:LST ETHSUBIF,UNC:ADD ETHSUBIF,must_precede,为了保证查询到有效的信息，执行该命令前必须已经成功创建子接口，并通过命令增加VLAN（ADD ETHSUBIF）将子接口关联了VLAN。
UNC:ADD AUTOSCALINGMPLS,UNC:SET MPLSSITE,must_precede,使用此命令前必须先要使用SET MPLSSITE命令全局使能MPLS功能。
UNC:ADD RDSTRING,UNC:ADD RDFILTERNODE,must_precede,配置该命令前，必须已经通过ADD RDFILTERNODE配置了RD过滤器。
UNC:RMV MATCHNEXTHOPACL,UNC:ADD ROUTEPOLICY,must_precede,配置该命令前，必须已经通过ADD ROUTEPOLICY配置了指定路由策略的名字以及通过ADD ROUTEPOLICYNODE配置了该策略下的节点。
UNC:RMV MATCHNEXTHOPACL,UNC:ADD ROUTEPOLICYNODE,must_precede,配置该命令前，必须已经通过ADD ROUTEPOLICY配置了指定路由策略的名字以及通过ADD ROUTEPOLICYNODE配置了该策略下的节点。
UNC:ADD MATCHNEXTHOPACL,UNC:ADD ROUTEPOLICY,must_precede,配置该命令前，必须已经通过ADD ROUTEPOLICY配置了指定路由策略的名字以及通过ADD ROUTEPOLICYNODE配置了该策略下的节点。
UNC:ADD MATCHNEXTHOPACL,UNC:ADD ROUTEPOLICYNODE,must_precede,配置该命令前，必须已经通过ADD ROUTEPOLICY配置了指定路由策略的名字以及通过ADD ROUTEPOLICYNODE配置了该策略下的节点。
UNC:ADD MATCHNEXTHOPACL,UNC:ADD ACLRULEBAS4,must_precede,配置该命令前，必须已经通过ADD ACLRULEBAS4或ADD ACLRULEADV4配置了ACL过滤器，对于命名型ACL，配置过滤规则时，只有指定的源地址范围对配置规则有效。
UNC:ADD MATCHNEXTHOPACL,UNC:ADD ACLRULEADV4,must_precede,配置该命令前，必须已经通过ADD ACLRULEBAS4或ADD ACLRULEADV4配置了ACL过滤器，对于命名型ACL，配置过滤规则时，只有指定的源地址范围对配置规则有效。
UNC:ADD MATCHINTERFACE,UNC:ADD ROUTEPOLICY,must_precede,配置该命令前，必须已经通过ADD ROUTEPOLICY配置了指定路由策略的名字以及通过ADD ROUTEPOLICYNODE配置了该策略下的节点。
UNC:ADD MATCHINTERFACE,UNC:ADD ROUTEPOLICYNODE,must_precede,配置该命令前，必须已经通过ADD ROUTEPOLICY配置了指定路由策略的名字以及通过ADD ROUTEPOLICYNODE配置了该策略下的节点。
UNC:ADD MATCHASPATHFILTER,UNC:ADD ROUTEPOLICY,must_precede,配置该命令前，必须已经通过ADD ROUTEPOLICY配置了指定路由策略的名字以及通过ADD ROUTEPOLICYNODE配置了该策略下的节点。
UNC:ADD MATCHASPATHFILTER,UNC:ADD ROUTEPOLICYNODE,must_precede,配置该命令前，必须已经通过ADD ROUTEPOLICY配置了指定路由策略的名字以及通过ADD ROUTEPOLICYNODE配置了该策略下的节点。
UNC:ADD MATCHASPATHFILTER,UNC:ADD ASPATHFILTERNODE,must_precede,配置该命令前，必须已经通过ADD ASPATHFILTERNODE配置了AS路径过滤器。
UNC:ADD MATCHNEXTHOPPREFIX6FILTER,UNC:ADD ROUTEPOLICY,must_precede,配置该命令前，必须已经通过ADD ROUTEPOLICY配置了指定路由策略的名字以及通过ADD ROUTEPOLICYNODE配置了该策略下的节点。
UNC:ADD MATCHNEXTHOPPREFIX6FILTER,UNC:ADD ROUTEPOLICYNODE,must_precede,配置该命令前，必须已经通过ADD ROUTEPOLICY配置了指定路由策略的名字以及通过ADD ROUTEPOLICYNODE配置了该策略下的节点。
UNC:ADD MATCHNEXTHOPPREFIX6FILTER,UNC:ADD IPV6PREFIXFILTERNODE,must_precede,配置该命令前，必须已经通过ADD IPV6PREFIXFILTERNODE配置了IPv6-Prefix过滤器。
UNC:ADD MATCHNEXTHOPACL6,UNC:ADD ROUTEPOLICY,must_precede,配置该命令前，必须已经通过ADD ROUTEPOLICY配置了指定路由策略的名字以及通过ADD ROUTEPOLICYNODE配置了该策略下的节点。
UNC:ADD MATCHNEXTHOPACL6,UNC:ADD ROUTEPOLICYNODE,must_precede,配置该命令前，必须已经通过ADD ROUTEPOLICY配置了指定路由策略的名字以及通过ADD ROUTEPOLICYNODE配置了该策略下的节点。
UNC:ADD MATCHNEXTHOPACL6,UNC:ADD ACLRULEBAS6,must_precede,配置该命令前，必须已经通过ADD ACLRULEBAS6或ADD ACLRULEADV6配置了ACL过滤器，对于命名型ACL，配置过滤规则时，只有指定的源地址范围对配置规则有效。
UNC:ADD MATCHNEXTHOPACL6,UNC:ADD ACLRULEADV6,must_precede,配置该命令前，必须已经通过ADD ACLRULEBAS6或ADD ACLRULEADV6配置了ACL过滤器，对于命名型ACL，配置过滤规则时，只有指定的源地址范围对配置规则有效。
UNC:ADD MATCHDESTACL6,UNC:ADD ROUTEPOLICY,must_precede,配置该命令前，必须已经通过ADD ROUTEPOLICY配置了指定路由策略的名字以及通过ADD ROUTEPOLICYNODE配置了该策略下的节点。
UNC:ADD MATCHDESTACL6,UNC:ADD ROUTEPOLICYNODE,must_precede,配置该命令前，必须已经通过ADD ROUTEPOLICY配置了指定路由策略的名字以及通过ADD ROUTEPOLICYNODE配置了该策略下的节点。
UNC:ADD MATCHDESTACL6,UNC:ADD ACLRULEBAS6,must_precede,配置该命令前，必须已经通过ADD ACLRULEBAS6或ADD ACLRULEADV6配置了ACL过滤器，对于命名型ACL，配置过滤规则时，只有指定的源地址范围对配置规则有效。
UNC:ADD MATCHDESTACL6,UNC:ADD ACLRULEADV6,must_precede,配置该命令前，必须已经通过ADD ACLRULEBAS6或ADD ACLRULEADV6配置了ACL过滤器，对于命名型ACL，配置过滤规则时，只有指定的源地址范围对配置规则有效。
UNC:ADD MATCHDESTPREFIX6FILTER,UNC:ADD ROUTEPOLICY,must_precede,配置该命令前，必须已经通过ADD ROUTEPOLICY配置了指定路由策略的名字以及通过ADD ROUTEPOLICYNODE配置了该策略下的节点。
UNC:ADD MATCHDESTPREFIX6FILTER,UNC:ADD ROUTEPOLICYNODE,must_precede,配置该命令前，必须已经通过ADD ROUTEPOLICY配置了指定路由策略的名字以及通过ADD ROUTEPOLICYNODE配置了该策略下的节点。
UNC:ADD MATCHDESTPREFIX6FILTER,UNC:ADD IPV6PREFIXFILTERNODE,must_precede,配置该命令前，必须已经通过ADD IPV6PREFIXFILTERNODE配置了IPv6-Prefix过滤器。
UNC:ADD MATCHRTSRCACL6,UNC:ADD ROUTEPOLICY,must_precede,配置该命令前，必须已经通过ADD ROUTEPOLICY配置了指定路由策略的名字以及通过ADD ROUTEPOLICYNODE配置了该策略下的节点。
UNC:ADD MATCHRTSRCACL6,UNC:ADD ROUTEPOLICYNODE,must_precede,配置该命令前，必须已经通过ADD ROUTEPOLICY配置了指定路由策略的名字以及通过ADD ROUTEPOLICYNODE配置了该策略下的节点。
UNC:ADD MATCHRTSRCACL6,UNC:ADD ACLRULEBAS6,must_precede,配置该命令前，必须已经通过ADD ACLRULEBAS6或ADD ACLRULEADV6配置了ACL过滤器，对于命名型ACL，配置过滤规则时，只有指定的源地址范围对配置规则有效。
UNC:ADD MATCHRTSRCACL6,UNC:ADD ACLRULEADV6,must_precede,配置该命令前，必须已经通过ADD ACLRULEBAS6或ADD ACLRULEADV6配置了ACL过滤器，对于命名型ACL，配置过滤规则时，只有指定的源地址范围对配置规则有效。
UNC:ADD MATCHRTSRCPREFIX6FILTER,UNC:ADD ROUTEPOLICY,must_precede,配置该命令前，必须已经通过ADD ROUTEPOLICY配置了指定路由策略的名字以及通过ADD ROUTEPOLICYNODE配置了该策略下的节点。
UNC:ADD MATCHRTSRCPREFIX6FILTER,UNC:ADD ROUTEPOLICYNODE,must_precede,配置该命令前，必须已经通过ADD ROUTEPOLICY配置了指定路由策略的名字以及通过ADD ROUTEPOLICYNODE配置了该策略下的节点。
UNC:ADD MATCHRTSRCPREFIX6FILTER,UNC:ADD IPV6PREFIXFILTERNODE,must_precede,配置该命令前，必须已经通过ADD IPV6PREFIXFILTERNODE配置了IPv6-Prefix过滤器。
UNC:ADD MATCHRDFILTER,UNC:ADD ROUTEPOLICY,must_precede,配置该命令前，必须已经通过ADD ROUTEPOLICY配置了指定路由策略的名字以及通过ADD ROUTEPOLICYNODE配置了该策略下的节点。
UNC:ADD MATCHRDFILTER,UNC:ADD ROUTEPOLICYNODE,must_precede,配置该命令前，必须已经通过ADD ROUTEPOLICY配置了指定路由策略的名字以及通过ADD ROUTEPOLICYNODE配置了该策略下的节点。
UNC:ADD MATCHRDFILTER,UNC:ADD RDFILTERNODE,must_precede,配置该命令前，必须已经通过ADD RDFILTERNODE配置了RD过滤器。
UNC:ADD MATCHNEXTHOPPREFIXFILTER,UNC:ADD ROUTEPOLICY,must_precede,配置该命令前，必须已经通过ADD ROUTEPOLICY配置了指定路由策略的名字以及通过ADD ROUTEPOLICYNODE配置了该策略下的节点。
UNC:ADD MATCHNEXTHOPPREFIXFILTER,UNC:ADD ROUTEPOLICYNODE,must_precede,配置该命令前，必须已经通过ADD ROUTEPOLICY配置了指定路由策略的名字以及通过ADD ROUTEPOLICYNODE配置了该策略下的节点。
UNC:ADD MATCHNEXTHOPPREFIXFILTER,UNC:ADD PREFIXFILTERNODE,must_precede,配置该命令前，必须已经通过ADD PREFIXFILTERNODE配置了前缀过滤器。
UNC:ADD MATCHCOMMUNITYFILTER,UNC:ADD ROUTEPOLICY,must_precede,配置该命令前，必须已经通过ADD ROUTEPOLICY配置了指定路由策略的名字以及通过ADD ROUTEPOLICYNODE配置了该策略下的节点。
UNC:ADD MATCHCOMMUNITYFILTER,UNC:ADD ROUTEPOLICYNODE,must_precede,配置该命令前，必须已经通过ADD ROUTEPOLICY配置了指定路由策略的名字以及通过ADD ROUTEPOLICYNODE配置了该策略下的节点。
UNC:ADD MATCHCOMMUNITYFILTER,UNC:ADD COMMUNITYFILTER,must_precede,配置该命令前，必须已经通过ADD COMMUNITYFILTER配置了团体属性过滤器。
UNC:ADD MATCHEXTCOMMUNITYFILTER,UNC:ADD ROUTEPOLICY,must_precede,配置该命令前，必须已经通过ADD ROUTEPOLICY配置了指定路由策略的名字以及通过ADD ROUTEPOLICYNODE配置了该策略下的节点。
UNC:ADD MATCHEXTCOMMUNITYFILTER,UNC:ADD ROUTEPOLICYNODE,must_precede,配置该命令前，必须已经通过ADD ROUTEPOLICY配置了指定路由策略的名字以及通过ADD ROUTEPOLICYNODE配置了该策略下的节点。
UNC:ADD MATCHEXTCOMMUNITYFILTER,UNC:ADD EXTENDCOMMUNITYFILTER,must_precede,配置该命令前，必须已经通过ADD EXTENDCOMMUNITYFILTER配置了扩展团体属性过滤器。
UNC:ADD MATCHRTSRCACL,UNC:ADD ROUTEPOLICY,must_precede,配置该命令前，必须已经通过ADD ROUTEPOLICY配置了指定路由策略的名字以及通过ADD ROUTEPOLICYNODE配置了该策略下的节点。
UNC:ADD MATCHRTSRCACL,UNC:ADD ROUTEPOLICYNODE,must_precede,配置该命令前，必须已经通过ADD ROUTEPOLICY配置了指定路由策略的名字以及通过ADD ROUTEPOLICYNODE配置了该策略下的节点。
UNC:ADD MATCHRTSRCACL,UNC:ADD ACLRULEBAS4,must_precede,配置该命令前，必须已经通过ADD ACLRULEBAS4或ADD ACLRULEADV4配置了ACL过滤器，对于命名型ACL，配置过滤规则时，只有指定的源地址范围对配置规则有效。
UNC:ADD MATCHRTSRCACL,UNC:ADD ACLRULEADV4,must_precede,配置该命令前，必须已经通过ADD ACLRULEBAS4或ADD ACLRULEADV4配置了ACL过滤器，对于命名型ACL，配置过滤规则时，只有指定的源地址范围对配置规则有效。
UNC:MOD MATCHDESTINATIONACL,UNC:ADD ROUTEPOLICY,must_precede,配置该命令前，必须已经通过ADD ROUTEPOLICY配置了指定路由策略的名字以及通过ADD ROUTEPOLICYNODE配置了该策略下的节点。
UNC:MOD MATCHDESTINATIONACL,UNC:ADD ROUTEPOLICYNODE,must_precede,配置该命令前，必须已经通过ADD ROUTEPOLICY配置了指定路由策略的名字以及通过ADD ROUTEPOLICYNODE配置了该策略下的节点。
UNC:RMV MATCHDESTINATIONACL,UNC:ADD ROUTEPOLICY,must_precede,配置该命令前，必须已经通过ADD ROUTEPOLICY配置了指定路由策略的名字以及通过ADD ROUTEPOLICYNODE配置了该策略下的节点。
UNC:RMV MATCHDESTINATIONACL,UNC:ADD ROUTEPOLICYNODE,must_precede,配置该命令前，必须已经通过ADD ROUTEPOLICY配置了指定路由策略的名字以及通过ADD ROUTEPOLICYNODE配置了该策略下的节点。
UNC:ADD MATCHDESTINATIONACL,UNC:ADD ROUTEPOLICY,must_precede,配置该命令前，必须已经通过ADD ROUTEPOLICY配置了指定路由策略的名字以及通过ADD ROUTEPOLICYNODE配置了该策略下的节点。
UNC:ADD MATCHDESTINATIONACL,UNC:ADD ROUTEPOLICYNODE,must_precede,配置该命令前，必须已经通过ADD ROUTEPOLICY配置了指定路由策略的名字以及通过ADD ROUTEPOLICYNODE配置了该策略下的节点。
UNC:ADD MATCHDESTINATIONACL,UNC:ADD ACLRULEBAS4,must_precede,配置该命令前，必须已经通过ADD ACLRULEBAS4或ADD ACLRULEADV4配置了ACL过滤器，对于命名型ACL，配置过滤规则时，只有指定的源地址范围对配置规则有效。
UNC:ADD MATCHDESTINATIONACL,UNC:ADD ACLRULEADV4,must_precede,配置该命令前，必须已经通过ADD ACLRULEBAS4或ADD ACLRULEADV4配置了ACL过滤器，对于命名型ACL，配置过滤规则时，只有指定的源地址范围对配置规则有效。
UNC:ADD MATCHDESTPREFIXFILTER,UNC:ADD ROUTEPOLICY,must_precede,配置该命令前，必须已经通过ADD ROUTEPOLICY配置了指定路由策略的名字以及通过ADD ROUTEPOLICYNODE配置了该策略下的节点。
UNC:ADD MATCHDESTPREFIXFILTER,UNC:ADD ROUTEPOLICYNODE,must_precede,配置该命令前，必须已经通过ADD ROUTEPOLICY配置了指定路由策略的名字以及通过ADD ROUTEPOLICYNODE配置了该策略下的节点。
UNC:ADD MATCHDESTPREFIXFILTER,UNC:ADD PREFIXFILTERNODE,must_precede,配置该命令前，必须已经通过ADD PREFIXFILTERNODE配置了前缀过滤器。
UNC:ADD MATCHPROTOCOL,UNC:ADD ROUTEPOLICYNODE,must_precede,配置该命令前，必须首先配置ADD ROUTEPOLICYNODE命令。
UNC:MOD MATCHCOST,UNC:ADD ROUTEPOLICY,must_precede,配置该命令前，必须已经通过ADD ROUTEPOLICY配置了指定路由策略的名字以及通过ADD ROUTEPOLICYNODE配置了该策略下的节点。
UNC:MOD MATCHCOST,UNC:ADD ROUTEPOLICYNODE,must_precede,配置该命令前，必须已经通过ADD ROUTEPOLICY配置了指定路由策略的名字以及通过ADD ROUTEPOLICYNODE配置了该策略下的节点。
UNC:RMV MATCHCOST,UNC:ADD ROUTEPOLICY,must_precede,配置该命令前，必须已经通过ADD ROUTEPOLICY配置了指定路由策略的名字以及通过ADD ROUTEPOLICYNODE配置了该策略下的节点。
UNC:RMV MATCHCOST,UNC:ADD ROUTEPOLICYNODE,must_precede,配置该命令前，必须已经通过ADD ROUTEPOLICY配置了指定路由策略的名字以及通过ADD ROUTEPOLICYNODE配置了该策略下的节点。
UNC:ADD MATCHCOST,UNC:ADD ROUTEPOLICY,must_precede,配置该命令前，必须已经通过ADD ROUTEPOLICY配置了指定路由策略的名字以及通过ADD ROUTEPOLICYNODE配置了该策略下的节点。
UNC:ADD MATCHCOST,UNC:ADD ROUTEPOLICYNODE,must_precede,配置该命令前，必须已经通过ADD ROUTEPOLICY配置了指定路由策略的名字以及通过ADD ROUTEPOLICYNODE配置了该策略下的节点。
UNC:ADD MATCHTAG,UNC:ADD ROUTEPOLICY,must_precede,配置该命令前，必须已经通过ADD ROUTEPOLICY配置了指定路由策略的名字以及通过ADD ROUTEPOLICYNODE配置了该策略下的节点。
UNC:ADD MATCHTAG,UNC:ADD ROUTEPOLICYNODE,must_precede,配置该命令前，必须已经通过ADD ROUTEPOLICY配置了指定路由策略的名字以及通过ADD ROUTEPOLICYNODE配置了该策略下的节点。
UNC:ADD MATCHRTSRCPREFIXFILTER,UNC:ADD ROUTEPOLICY,must_precede,配置该命令前，必须已经通过ADD ROUTEPOLICY配置了指定路由策略的名字以及通过ADD ROUTEPOLICYNODE配置了该策略下的节点。
UNC:ADD MATCHRTSRCPREFIXFILTER,UNC:ADD ROUTEPOLICYNODE,must_precede,配置该命令前，必须已经通过ADD ROUTEPOLICY配置了指定路由策略的名字以及通过ADD ROUTEPOLICYNODE配置了该策略下的节点。
UNC:ADD MATCHRTSRCPREFIXFILTER,UNC:ADD PREFIXFILTERNODE,must_precede,配置该命令前，必须已经通过ADD PREFIXFILTERNODE配置了前缀过滤器。
UNC:ADD BASICCOMMUNITYNODE,UNC:ADD COMMUNITYFILTER,must_precede,配置该命令前，必须已经通过ADD COMMUNITYFILTER配置了基本团体过滤器。
UNC:ADD EXTENDCOMMUNITYFILTERNODE,UNC:ADD EXTENDCOMMUNITYFILTER,must_precede,配置该命令前，必须已经通过ADD EXTENDCOMMUNITYFILTER配置了基本扩展团体过滤器的名字。
UNC:ADD APPLYLOCALPREFERENCE,UNC:ADD ROUTEPOLICY,must_precede,配置该命令前，必须已经通过ADD ROUTEPOLICY配置了指定路由策略的名字以及通过ADD ROUTEPOLICYNODE配置了该策略下的节点。
UNC:ADD APPLYLOCALPREFERENCE,UNC:ADD ROUTEPOLICYNODE,must_precede,配置该命令前，必须已经通过ADD ROUTEPOLICY配置了指定路由策略的名字以及通过ADD ROUTEPOLICYNODE配置了该策略下的节点。
UNC:ADD APPLYORIGIN,UNC:ADD ROUTEPOLICYNODE,must_precede,配置该命令前，必须首先配置ADD ROUTEPOLICYNODE命令。
UNC:ADD APPLYPREFVALUE,UNC:ADD ROUTEPOLICYNODE,must_precede,配置该命令前，必须首先配置ADD ROUTEPOLICYNODE命令。
UNC:ADD APPLYCOST,UNC:ADD ROUTEPOLICY,must_precede,配置该命令前，必须已经通过ADD ROUTEPOLICY配置了指定路由策略的名字以及通过ADD ROUTEPOLICYNODE配置了该策略下的节点。
UNC:ADD APPLYCOST,UNC:ADD ROUTEPOLICYNODE,must_precede,配置该命令前，必须已经通过ADD ROUTEPOLICY配置了指定路由策略的名字以及通过ADD ROUTEPOLICYNODE配置了该策略下的节点。
UNC:ADD APPLYCOSTTYPE,UNC:ADD ROUTEPOLICY,must_precede,配置该命令前，必须已经通过ADD ROUTEPOLICY配置了指定路由策略的名字以及通过ADD ROUTEPOLICYNODE配置了该策略下的节点。
UNC:ADD APPLYCOSTTYPE,UNC:ADD ROUTEPOLICYNODE,must_precede,配置该命令前，必须已经通过ADD ROUTEPOLICY配置了指定路由策略的名字以及通过ADD ROUTEPOLICYNODE配置了该策略下的节点。
UNC:ADD APPLYDAMPENING,UNC:ADD ROUTEPOLICY,must_precede,配置该命令前，必须已经通过ADD ROUTEPOLICY配置了指定路由策略的名字以及通过ADD ROUTEPOLICYNODE配置了该策略下的节点。
UNC:ADD APPLYDAMPENING,UNC:ADD ROUTEPOLICYNODE,must_precede,配置该命令前，必须已经通过ADD ROUTEPOLICY配置了指定路由策略的名字以及通过ADD ROUTEPOLICYNODE配置了该策略下的节点。
UNC:ADD APPLYTAG,UNC:ADD ROUTEPOLICY,must_precede,配置该命令前，必须已经通过ADD ROUTEPOLICY配置了指定路由策略的名字以及通过ADD ROUTEPOLICYNODE配置了该策略下的节点。
UNC:ADD APPLYTAG,UNC:ADD ROUTEPOLICYNODE,must_precede,配置该命令前，必须已经通过ADD ROUTEPOLICY配置了指定路由策略的名字以及通过ADD ROUTEPOLICYNODE配置了该策略下的节点。
UNC:ADD APPLYNEXTHOP,UNC:ADD ROUTEPOLICY,must_precede,配置该命令前，必须已经通过ADD ROUTEPOLICY配置了指定路由策略的名字以及通过ADD ROUTEPOLICYNODE配置了该策略下的节点。
UNC:ADD APPLYNEXTHOP,UNC:ADD ROUTEPOLICYNODE,must_precede,配置该命令前，必须已经通过ADD ROUTEPOLICY配置了指定路由策略的名字以及通过ADD ROUTEPOLICYNODE配置了该策略下的节点。
UNC:ADD APPLYPREFERENCE,UNC:ADD ROUTEPOLICY,must_precede,配置该命令前，必须已经通过ADD ROUTEPOLICY配置了指定路由策略的名字以及通过ADD ROUTEPOLICYNODE配置了该策略下的节点。
UNC:ADD APPLYPREFERENCE,UNC:ADD ROUTEPOLICYNODE,must_precede,配置该命令前，必须已经通过ADD ROUTEPOLICY配置了指定路由策略的名字以及通过ADD ROUTEPOLICYNODE配置了该策略下的节点。
UNC:ADD APPLYCOMMUNITYFILTERDELETE,UNC:ADD ROUTEPOLICY,must_precede,配置该命令前，必须已经通过ADD ROUTEPOLICY配置了指定路由策略的名字以及通过ADD ROUTEPOLICYNODE配置了该策略下的节点。
UNC:ADD APPLYCOMMUNITYFILTERDELETE,UNC:ADD ROUTEPOLICYNODE,must_precede,配置该命令前，必须已经通过ADD ROUTEPOLICY配置了指定路由策略的名字以及通过ADD ROUTEPOLICYNODE配置了该策略下的节点。
UNC:ADD APPLYCOMMUNITY,UNC:ADD ROUTEPOLICY,must_precede,配置该命令前，必须已经通过ADD ROUTEPOLICY配置了指定路由策略的名字以及通过ADD ROUTEPOLICYNODE配置了该策略下的节点。
UNC:ADD APPLYCOMMUNITY,UNC:ADD ROUTEPOLICYNODE,must_precede,配置该命令前，必须已经通过ADD ROUTEPOLICY配置了指定路由策略的名字以及通过ADD ROUTEPOLICYNODE配置了该策略下的节点。
UNC:ADD APPLYEXTENDCOMMUNITY,UNC:ADD ROUTEPOLICY,must_precede,配置该命令前，必须已经通过ADD ROUTEPOLICY配置了指定路由策略的名字以及通过ADD ROUTEPOLICYNODE配置了该策略下的节点。
UNC:ADD APPLYEXTENDCOMMUNITY,UNC:ADD ROUTEPOLICYNODE,must_precede,配置该命令前，必须已经通过ADD ROUTEPOLICY配置了指定路由策略的名字以及通过ADD ROUTEPOLICYNODE配置了该策略下的节点。
UNC:ADD APPLYASPATH,UNC:ADD ROUTEPOLICY,must_precede,配置该命令前，必须已经通过ADD ROUTEPOLICY配置了指定路由策略的名字以及通过ADD ROUTEPOLICYNODE配置了该策略下的节点。
UNC:ADD APPLYASPATH,UNC:ADD ROUTEPOLICYNODE,must_precede,配置该命令前，必须已经通过ADD ROUTEPOLICY配置了指定路由策略的名字以及通过ADD ROUTEPOLICYNODE配置了该策略下的节点。
UNC:ADD APPLYIPV6NEXTHOP,UNC:ADD ROUTEPOLICY,must_precede,配置该命令前，必须已经通过ADD ROUTEPOLICY配置了指定路由策略的名字以及通过ADD ROUTEPOLICYNODE配置了该策略下的节点。
UNC:ADD APPLYIPV6NEXTHOP,UNC:ADD ROUTEPOLICYNODE,must_precede,配置该命令前，必须已经通过ADD ROUTEPOLICY配置了指定路由策略的名字以及通过ADD ROUTEPOLICYNODE配置了该策略下的节点。
UNC:ADD APPLYROUTETYPE,UNC:ADD ROUTEPOLICY,must_precede,配置该命令前，必须已经通过ADD ROUTEPOLICY配置了指定路由策略的名字以及通过ADD ROUTEPOLICYNODE配置了该策略下的节点。
UNC:ADD APPLYROUTETYPE,UNC:ADD ROUTEPOLICYNODE,must_precede,配置该命令前，必须已经通过ADD ROUTEPOLICY配置了指定路由策略的名字以及通过ADD ROUTEPOLICYNODE配置了该策略下的节点。
UNC:RMV MATCHROUTETYPE,UNC:ADD ROUTEPOLICY,must_precede,配置该命令前，必须已经通过ADD ROUTEPOLICY配置了指定路由策略的名字以及通过ADD ROUTEPOLICYNODE配置了该策略下的节点。
UNC:RMV MATCHROUTETYPE,UNC:ADD ROUTEPOLICYNODE,must_precede,配置该命令前，必须已经通过ADD ROUTEPOLICY配置了指定路由策略的名字以及通过ADD ROUTEPOLICYNODE配置了该策略下的节点。
UNC:ADD MATCHROUTETYPE,UNC:ADD ROUTEPOLICY,must_precede,配置该命令前，必须已经通过ADD ROUTEPOLICY配置了指定路由策略的名字以及通过ADD ROUTEPOLICYNODE配置了该策略下的节点。
UNC:ADD MATCHROUTETYPE,UNC:ADD ROUTEPOLICYNODE,must_precede,配置该命令前，必须已经通过ADD ROUTEPOLICY配置了指定路由策略的名字以及通过ADD ROUTEPOLICYNODE配置了该策略下的节点。
UNC:ADD ADVANCEDCOMMUNITYNODE,UNC:ADD COMMUNITYFILTER,must_precede,配置该命令前，必须已经通过ADD COMMUNITYFILTER配置了高级团体过滤器。
UNC:ADD APPLYTUNNELPOLICY,UNC:ADD TUNNELPOLICY,must_precede,配置应用隧道策略前，需要先通过ADD TUNNELPOLICY配置相应的隧道策略。
